-- MySQL dump 10.13  Distrib 5.7.29, for Linux (x86_64)
--
-- Host: localhost    Database: tnt_db
-- ------------------------------------------------------
-- Server version	5.7.29-0ubuntu0.18.04.1

/*!40101 SET @OLD_CHARACTER_SET_CLIENT=@@CHARACTER_SET_CLIENT */;
/*!40101 SET @OLD_CHARACTER_SET_RESULTS=@@CHARACTER_SET_RESULTS */;
/*!40101 SET @OLD_COLLATION_CONNECTION=@@COLLATION_CONNECTION */;
/*!40101 SET NAMES utf8 */;
/*!40103 SET @OLD_TIME_ZONE=@@TIME_ZONE */;
/*!40103 SET TIME_ZONE='+00:00' */;
/*!40014 SET @OLD_UNIQUE_CHECKS=@@UNIQUE_CHECKS, UNIQUE_CHECKS=0 */;
/*!40014 SET @OLD_FOREIGN_KEY_CHECKS=@@FOREIGN_KEY_CHECKS, FOREIGN_KEY_CHECKS=0 */;
/*!40101 SET @OLD_SQL_MODE=@@SQL_MODE, SQL_MODE='NO_AUTO_VALUE_ON_ZERO' */;
/*!40111 SET @OLD_SQL_NOTES=@@SQL_NOTES, SQL_NOTES=0 */;

--
-- Table structure for table `category`
--

DROP TABLE IF EXISTS `category`;
/*!40101 SET @saved_cs_client     = @@character_set_client */;
/*!40101 SET character_set_client = utf8 */;
CREATE TABLE `category` (
  `id` int(11) NOT NULL,
  `name` varchar(45) NOT NULL,
  `parent_id` int(11) DEFAULT NULL,
  PRIMARY KEY (`id`),
  KEY `fk_category_1_idx` (`parent_id`),
  CONSTRAINT `fk_category_1` FOREIGN KEY (`parent_id`) REFERENCES `category` (`id`) ON DELETE NO ACTION ON UPDATE NO ACTION
) ENGINE=InnoDB DEFAULT CHARSET=utf8;
/*!40101 SET character_set_client = @saved_cs_client */;

--
-- Dumping data for table `category`
--

LOCK TABLES `category` WRITE;
/*!40000 ALTER TABLE `category` DISABLE KEYS */;
INSERT INTO `category` VALUES (1,'jardinage',1),(2,'bricolage',2),(3,'mobilier',3),(4,'vacances',4),(5,'multimedia',5);
/*!40000 ALTER TABLE `category` ENABLE KEYS */;
UNLOCK TABLES;

--
-- Table structure for table `exchange_type`
--

DROP TABLE IF EXISTS `exchange_type`;
/*!40101 SET @saved_cs_client     = @@character_set_client */;
/*!40101 SET character_set_client = utf8 */;
CREATE TABLE `exchange_type` (
  `id` int(11) NOT NULL,
  `deal_type` varchar(45) NOT NULL,
  PRIMARY KEY (`id`)
) ENGINE=InnoDB DEFAULT CHARSET=utf8;
/*!40101 SET character_set_client = @saved_cs_client */;

--
-- Dumping data for table `exchange_type`
--

LOCK TABLES `exchange_type` WRITE;
/*!40000 ALTER TABLE `exchange_type` DISABLE KEYS */;
INSERT INTO `exchange_type` VALUES (1,'don'),(2,'echange');
/*!40000 ALTER TABLE `exchange_type` ENABLE KEYS */;
UNLOCK TABLES;

--
-- Table structure for table `favorite`
--

DROP TABLE IF EXISTS `favorite`;
/*!40101 SET @saved_cs_client     = @@character_set_client */;
/*!40101 SET character_set_client = utf8 */;
CREATE TABLE `favorite` (
  `product_id` int(11) NOT NULL,
  `user_id` int(11) NOT NULL,
  PRIMARY KEY (`product_id`,`user_id`),
  KEY `fk_product_has_user_user1_idx` (`user_id`),
  KEY `fk_product_has_user_product1_idx` (`product_id`),
  CONSTRAINT `fk_product_has_user_product1` FOREIGN KEY (`product_id`) REFERENCES `product` (`id`) ON DELETE NO ACTION ON UPDATE NO ACTION,
  CONSTRAINT `fk_product_has_user_user1` FOREIGN KEY (`user_id`) REFERENCES `user` (`id`) ON DELETE NO ACTION ON UPDATE NO ACTION
) ENGINE=InnoDB DEFAULT CHARSET=utf8;
/*!40101 SET character_set_client = @saved_cs_client */;

--
-- Dumping data for table `favorite`
--

LOCK TABLES `favorite` WRITE;
/*!40000 ALTER TABLE `favorite` DISABLE KEYS */;
/*!40000 ALTER TABLE `favorite` ENABLE KEYS */;
UNLOCK TABLES;

--
-- Table structure for table `history`
--

DROP TABLE IF EXISTS `history`;
/*!40101 SET @saved_cs_client     = @@character_set_client */;
/*!40101 SET character_set_client = utf8 */;
CREATE TABLE `history` (
  `id` int(11) NOT NULL,
  `product_id` int(11) NOT NULL,
  `history_type_id` int(11) NOT NULL,
  `created_at` datetime DEFAULT NULL,
  PRIMARY KEY (`id`,`product_id`,`history_type_id`),
  KEY `fk_history_product1_idx` (`product_id`),
  KEY `fk_history_history_type1_idx` (`history_type_id`),
  CONSTRAINT `fk_history_history_type1` FOREIGN KEY (`history_type_id`) REFERENCES `history_type` (`id`) ON DELETE NO ACTION ON UPDATE NO ACTION,
  CONSTRAINT `fk_history_product1` FOREIGN KEY (`product_id`) REFERENCES `product` (`id`) ON DELETE NO ACTION ON UPDATE NO ACTION
) ENGINE=InnoDB DEFAULT CHARSET=utf8;
/*!40101 SET character_set_client = @saved_cs_client */;

--
-- Dumping data for table `history`
--

LOCK TABLES `history` WRITE;
/*!40000 ALTER TABLE `history` DISABLE KEYS */;
/*!40000 ALTER TABLE `history` ENABLE KEYS */;
UNLOCK TABLES;

--
-- Table structure for table `history_type`
--

DROP TABLE IF EXISTS `history_type`;
/*!40101 SET @saved_cs_client     = @@character_set_client */;
/*!40101 SET character_set_client = utf8 */;
CREATE TABLE `history_type` (
  `id` int(11) NOT NULL,
  `name` varchar(45) DEFAULT NULL,
  PRIMARY KEY (`id`)
) ENGINE=InnoDB DEFAULT CHARSET=utf8;
/*!40101 SET character_set_client = @saved_cs_client */;

--
-- Dumping data for table `history_type`
--

LOCK TABLES `history_type` WRITE;
/*!40000 ALTER TABLE `history_type` DISABLE KEYS */;
/*!40000 ALTER TABLE `history_type` ENABLE KEYS */;
UNLOCK TABLES;

--
-- Table structure for table `preference`
--

DROP TABLE IF EXISTS `preference`;
/*!40101 SET @saved_cs_client     = @@character_set_client */;
/*!40101 SET character_set_client = utf8 */;
CREATE TABLE `preference` (
  `user_id` int(11) NOT NULL,
  `category_id` int(11) NOT NULL,
  PRIMARY KEY (`user_id`,`category_id`),
  KEY `fk_sub_category_has_user_user1_idx` (`user_id`),
  KEY `fk_preference_category1_idx` (`category_id`),
  CONSTRAINT `fk_preference_category1` FOREIGN KEY (`category_id`) REFERENCES `category` (`id`) ON DELETE NO ACTION ON UPDATE NO ACTION,
  CONSTRAINT `fk_sub_category_has_user_user1` FOREIGN KEY (`user_id`) REFERENCES `user` (`id`) ON DELETE NO ACTION ON UPDATE NO ACTION
) ENGINE=InnoDB DEFAULT CHARSET=utf8;
/*!40101 SET character_set_client = @saved_cs_client */;

--
-- Dumping data for table `preference`
--

LOCK TABLES `preference` WRITE;
/*!40000 ALTER TABLE `preference` DISABLE KEYS */;
/*!40000 ALTER TABLE `preference` ENABLE KEYS */;
UNLOCK TABLES;

--
-- Table structure for table `product`
--

DROP TABLE IF EXISTS `product`;
/*!40101 SET @saved_cs_client     = @@character_set_client */;
/*!40101 SET character_set_client = utf8 */;
CREATE TABLE `product` (
  `id` int(11) NOT NULL AUTO_INCREMENT,
  `title` varchar(100) NOT NULL,
  `description` text,
  `created_at` datetime DEFAULT NULL,
  `etat` varchar(15) DEFAULT NULL,
  `user_id` int(11) NOT NULL,
  `product_type_id` int(11) NOT NULL,
  `exchange_type_id` int(11) NOT NULL,
  `category_id` int(11) NOT NULL,
  `img` text,
  `proposition` text,
  `enEchangeDE` text,
  PRIMARY KEY (`id`,`user_id`,`product_type_id`,`exchange_type_id`,`category_id`),
  KEY `fk_product_user1_idx` (`user_id`),
  KEY `fk_product_product_type1_idx` (`product_type_id`),
  KEY `fk_product_exchange_type1_idx` (`exchange_type_id`),
  KEY `fk_product_category1_idx` (`category_id`),
  CONSTRAINT `fk_product_category1` FOREIGN KEY (`category_id`) REFERENCES `category` (`id`) ON DELETE NO ACTION ON UPDATE NO ACTION,
  CONSTRAINT `fk_product_exchange_type1` FOREIGN KEY (`exchange_type_id`) REFERENCES `exchange_type` (`id`) ON DELETE NO ACTION ON UPDATE NO ACTION,
  CONSTRAINT `fk_product_product_type1` FOREIGN KEY (`product_type_id`) REFERENCES `product_type` (`id`) ON DELETE NO ACTION ON UPDATE NO ACTION,
  CONSTRAINT `fk_product_user1` FOREIGN KEY (`user_id`) REFERENCES `user` (`id`) ON DELETE NO ACTION ON UPDATE NO ACTION
) ENGINE=InnoDB AUTO_INCREMENT=12 DEFAULT CHARSET=utf8;
/*!40101 SET character_set_client = @saved_cs_client */;

--
-- Dumping data for table `product`
--

LOCK TABLES `product` WRITE;
/*!40000 ALTER TABLE `product` DISABLE KEYS */;
INSERT INTO `product` VALUES (3,'Ecran','Ecran cp','2020-01-01 00:00:00',NULL,1,1,2,5,'https://encrypted-tbn0.gstatic.com/images?q=tbn%3AANd9GcQqjuzGThpYxGW8Wn7aDLoj5dDghCEkq5eQM6D5OGem7dg6awt5rluQwdlf6e15Mn8HCy0eQmZr&usqp=CAc',NULL,NULL),(4,'Pioche','Pioche manche bois','2020-01-01 00:00:00',NULL,1,1,2,1,'https://encrypted-tbn0.gstatic.com/images?q=tbn%3AANd9GcSPIMqZmyQcLpCtC_SB-AulvUqhZfft6YIO33PNzfH1EZZMaI-vycdjCXRKAQPJHCS-9c59oXI&usqp=CAc',NULL,NULL),(5,'perceuse','Perceuse sans fil bosh','2020-01-01 00:00:00',NULL,2,1,1,2,'https://encrypted-tbn0.gstatic.com/images?q=tbn%3AANd9GcRn93KyzHFnZ94unW3gqPIKXtkCFRsxPCCQrHqKHYN-lhnrqIZHivkpO9cQ43r-WTiiGlmQal7T&usqp=CAc',NULL,NULL),(6,'Tonte de pelouse','Je viens quand tu veux tondre ta pelouse','2020-01-01 00:00:00',NULL,3,2,1,1,'data:image/jpeg;base64,/9j/4AAQSkZJRgABAQAAAQABAAD/2wCEAAkGBxMTEhUTExMVFhUXGB8bGBgYGBkbHRsaGB4YGhcYGhgYHSggGx0lHRkXIjEhJSkrLi4uGh8zODMtNygtLisBCgoKDg0OGxAQGy8lICUvNS0tLS0yLS0tLS0tLS0tLS0tLS0tLS0tLS0tLS0tLS0tLS0tLS0tLS0tLS0tLS0tLf/AABEIARMAtwMBIgACEQEDEQH/xAAcAAACAgMBAQAAAAAAAAAAAAAFBgQHAAIDAQj/xABDEAACAQIEAwYCCAQFAwMFAAABAhEAAwQSITEFQVEGEyJhcYEykQcUI0KhscHwUmLR4TOCkqLxFUNyJIPSFlNUZJP/xAAaAQACAwEBAAAAAAAAAAAAAAABAgADBAUG/8QAMhEAAgIBAwICCQMEAwAAAAAAAAECEQMSITEEQSLwEzJRYXGBkbHBodHhBRQzQiOC8f/aAAwDAQACEQMRAD8AX8NjAHJgnoKicXvE3BcHMRH9q7WLSnKDp6GueLshTl+9PXlWGNWVm/DVDZswipdoAmBlMcjUTvpgH8q74G74jl5UzQp5YvgXWYiI0gaCieBIe6sjQnfpQ/BWQXZsm/WmXAcBe9mKMqAD70iT0Hl50VG+AhnA8Ftm4xViT1JIX0jnQ3trhlQLkuHNsyCB4fLpXbDJdW6bGeCFnTQe06mojcNt4lGFzEHvlcgKVObT5eHz2pWt6IV1ccqbgGYBff5mpPD+KPb1RgGI3gH86k9pML9Vc20fN3u4/Sfc1vfwhfIVRRpGVeXrWi0luwNBXsSpN03XysE1KEaNVkcM7U2QQRZa2h55YUVVvAsSMO+Z4UqeYmm7tZ2ptYnCI1kQ4bUD4o2iPeaGt1tsTga+I4ZL9tu4aG+IAGBO/I8/1oY+AZ7Bs3YdYlpU+Ej3386VeyN7G2rZuqidwD42Y6gDc+1Gsb2nthpt3Eykw3Oepidax9VLMtKq/hsFbglMGbV1Sud7QIzrPL1o9Z4th2Yrbcp0V80T01qOmGuYtWawwggjkASu4jfyoLwfheNs3XYImmn2kj5aVRLHklG5+F/dkpojdtTda6hdVBI0ZRAalvGHxUydpsRdbJ3zLmEwqjQUsYrrWvBq9GtTtliGDsNfZMXaZIzCQZ2IIM07cZNy6O9IS2c5h10LRoV19NucVWHBGbOIJHmDBmm1cN3wS1ddw5JIM5lPqOTedWzyK9L7izJK4OQDaIuyCWy9efvUrAWzdEDVEEkaSPbf5UXweLs4ax3VpfGBGg1J6k/1qNgLZXKxUA3J0PP06elcfKo6nXAES+HqLqCQ2UDwsZEelZUzgGMRgRkyFdl5ecTXlSGOEld/d/kJUmHA167SeVcOLvqpgTGhHOumCMak7SSKE43E5n19hXTS3sB0FyBW1nGjXlyHnUO5cipnCOHm7dRTpJ3mnJQXsYswq0zrjmCq3exBECBp60B4pgUsvkVg5Gub9K4XLk79OR0qPZgof8BiVDzdaS2zGNegFZiL+HtubhGUx4m5H3oP2fw/eW0djsd2qJ2l4pcP2LLltnQHkfelSV0CyZw/BWcXiFbL3aW5bvCJzGYA1061G4txzC/WBaDBlAM3ANj0HtSs2Pu5haGoUfdkyPQV1Ts/r3lz7NSJ5flVtqMaZA3g+EWrkvbtm7G7MTFDeJYPuR4WSSdhrRLgvEilh0W4iwPDOmbpQPhGHW5cLXb4QzOUjU+lVaZSltwLYZsdp7uGwd20ypBHwxBOfTX51XOHvl7gBBIJiB59AP0q0uNdlFv4O7es3Wu3VghQRlyr8Q2mdz7VX/Dezly6fFpV6yKueC/DFvgsx+14wlpl7sJEFVUlZA3BPNojXyEg6z07N9p2xGGuXL4z920TAEgnSY02I+VLuA7GW4HesW1nKNB6UQ4VwpbbXLRUhbiGddjIKx12B9jVWSUJwlFmiWKT2S5IXau/h3CtaLZidQTsNaV7p0qZiLOU679KhXNqq6eKjBJOzOuCTwRB3okSJ260yl2S+pAbKGgNEwOh6HSlbhVovcCjcnT1p3u34y2mHjOjgjXTn5jzodS6a+AsuQjxPHIgzgI07kmD+Fe2MbbZF792ViJtsg0+cb7Us3+HG4zQy6aiTuOVFMHhLz2ypYZAu2h16isPo4Sfi5AgrhcST/iSyDnsZ86yhHCbZRSCxMnXXptWVnaxJtfgglWSW0O29DsSRnJ6VtbZxJHKoyGQZ5mu5TIkc2uUUw6uE7yPeaE3UIaKn4S4dFYnKaL4CwlaxeaBEms+sED1ojwjAW7Z764wj+HnXPjuKw7MBYSObeZqtSuVJChEcZy2FUHWNgKGYTEqQWvuzlfhE124Nesh8rAN67CvOP8AD7a3P/TsGzfdA2pkkrsAI4RjnbFs9sf5fIUy4/FNiPFdMHYW13HmaVezdthjO7EqW00Gs0xcR4HfsOWuBipOjxEz1pcs99KfawuPckYi/hrYC927OOZoE1rvb8qBrtrW2MvBCd5PPepPDeIW7GViM866jSipN1YlUa4LA4xLndW3dFcwcpMe8Gi+JN3C3nRrSlREkN6GYjznemjsb2mss+V8gJ+FRXD6S7QLd7bcLnUZxExkIAY/ymQpPp1q7JjWi0aemlUjgqYjvAAyC2OYWWJ9SdB7UZazoToSF/EbfnNKli+95Jz5GUDZQIjlMk/Oj/BOIKXm5/hgEsT0jUz5b1lptNI35OPDyLnajCBbSHKMw0J60o3W0q3uO8Et4u1kt4gISVK50mcwzKNIIMeR9KTMd9GXEbfwpbvA87bgEeou5fwmp0mDJix6Z8+7c5yF3s/cC3VJnca++9Pfajh6eC7bxBLFdJFJuI4RiMKwt4iy1snaYIPoykqdxMHSaY7lhTay5gSBIy/0puqelJoEuSAuCdgSsFl1M6SNzFMHB3RMr6MjCCvTrHnWlpzYsA3MjSOe49DUPBYtblwAMtoAHVhoT0nlWDeX1FCoW33lzWEMQCIIPOTWUJ+uobbKWlyZkcoO0cxWVlcLd3+hBAvN4fWuWHsaT0/GuaXS2h5VPsBWEE7Cu9wHhEK2czNMV4Gj1rGsy1bXbGWiAmK7EKCZJMDXrRC7wfullj49xG0UHw8GOv5UVe45OskAc6R2tkKQUGVp3qUvEiXzbGIFHW7JXLmE+tq6aAnJzgee0+VKgRiwRRJNCOSE0/1C4ss3sZwuz3SXgwZyZLFRofI043VXEWzbueJT7Uq9jLeIW0BcTIoGkgflTLZuFdQR5zXOjk8baHkI57FMuMWRGHmczCQf5fWiXaPsNhX8bYnudYUaZZiYjfYHnVgJeBUTB8qqL6VeOd5eFhRC24LR/GdfwED3NdHGtU00wUa8C+rWsQWteLL4czgZjmzAOq/CFBXnJ1pR7SYu695y1wk6CRoCIE6DTkPlUxL6NcsFCQwTK6kACRmOZSDqDM6gGetRONW/tPVQfzrTxKixJaQtwPi9ply3XKN0Pwn0aJHoazjnaAOhs2dE+83N/IdF/P8ANaVK6UFiSdjvLJqi1fo/xSul4Xf+09gKdZBW2yctZ31pq4v2nXDM5uOAvcllCnN4lcL4dBJh1Mf81UXA8c3eXQPv3Bc35qWgf7jUTtXxa5evRcPhtyqDeAcsjMdSJE6ydTrtTX4hOxZ/Z3i68Vt3LN+3lQfAZBKtyZTEkgESxgHNEa0qdp+C3LGZguUKcpYHmNJHkf1pe4Px65Z7sW4UK2Y/ztqAW6gAwBsNTzNOPb3H9/bsXAZW8kEA7PbID+uhT5VT1MFKKfsEYBsZ7oVzOVNzuNNq6W8aAr6D0H6VEy3ERrSkhDvUK9bZACdj51zpQjKhbG36PGTLcZirFmMKYlQOteUlYWC2e0Sr7GDWVdJxT3dAAq8zW+YgU+dm+wTd45xgyIreFZHjIPkdFj863+k7s9lZL2Gwy27ITxlAFGnMgRrH5Vcs8JSpMdpsRLTaa71MSyzzppUNCKlYbHsPDO9O0+wgaPZC+lkXypyNEHyOxOulNPYXgzC9nuKrqRAnYecVJ+jftJeuH6o47xANGico6Gm88Lt4Vi6glCfhn4T1E8qyZJy3Q1d0D+IdnhnKqAttjLKB4THl586D9u7H2Fsw1sK4hltxHLcjSnN8UHK5DXDiFtry5XUFFMkbzFZFTm2m/PIbBVjF5LapBYxvXK4XYjQwNxRC5hAQMrFVHlUDjfGO7VbeQ67N1p9C0+xe4V8kvDYlQwCgkgbdKo3jOLNy9cuEyXdm+ZJq3uFZkD3LimYJUg+Wgqrv/pzFNtaJ9Cv9a29E406Y0YsgcPvDOhmBIknlyNT+N3EZ0ysreEzBB56bUJxeEu2HysjIQQRK85JAjnqDpXXNeYBr+edcuZcogwTEAa7Vt72P2o1IrKxnA3rUPpprTihvs3ch2OVmgD4fXzNQeMIXuOoU52uQF0mdDGhjbzqLbsm4ci/ERIkwNCJn513tIbV60pgEOnwmRrAnYUndjrdJBfCdksUdcij1Zf0NGO0OAuWsHhkuABhdeIJMqwGY9IlV2PPUDm04d5gCt/pBa0tnDrciVzhY3GiSfnFVudxdjZcajG0Ruz+FspZdMSA4dZz8wOk7jrNVsbLNeZc3gUnKTzHL3inzC8cFhEV0V0dcpYefOlbjtpLdwi2ZVtQ3ry2qZpR0qjHFMjYPh9w3c1uJjWdJrKn4TDGMupbkVMaVlZ1J+ywln40rcmYVlG7Hal76QuM93gFtjxNc8M/n+tMF62hui40EA6g9eVQ/raQ5uqIzFhI1AHrXnumrHH0nLTrn5r9izUUaDUjAkE6019vMZhb3drhAu5LECJn+9AuC4NVug3kc2VP2hUHbkCRtrXo1luFtfIFFt9jezFpLa3LNx1ZlGdgRB57EQPaj7YZoZS2cee9A+FYDDxZuYa5dt2yJKBmg6aSGmPaiF1/tD9p/xXNy5cctu/cPbck8HAXwqAvWumKwb7I5JJ0HLzJoHhMUfrIykkRBjaaZWeRCnK3WqsE7tfQiYD7S4y5h1CqmYRqw6+dQb1m7ftC6yrCjMBzpkxVtLdo96c5/m5npFK3Err5HYt3enhWREVoyZIxW/wBP3A+SLiMVeZSTAGXUV7wid6BYbjRuygXlqaZMFdULA3ia0dLFxjv7TX03qtgTtDwoXsPim0zqc6dfsRMDzILj3obeFtlBgOsiZE76A69J/OpmKvl1ugGIV4PmQaF8NdHs240lVH+0wabE23L4iQdtm9zhlogkWk23yjpXuFwthT/h2wTzKr+ZFdUuZIYiV2b+U8z5iu4sLyiP3B/GrrZZRq5QHSB6AfpSt2pEYiww5sg+T/3FNrLpS12hKd5YzmBnifkR+K/jTQ5BLgsfsyO8u20GpHiPkBzPvFcPpLwzviLdpIMoSR0zECf9tb9gcQbau8eO4QJPIDkPw+VDe3mIuLjswJMWFmOQJff3oSrQDPdHLi/ZK1h7KuL3earmTQb7xHnStifFcZQPAD4R0qdxd7zKH8JEa5TJ96DJAhoYHnPOqW9XBjD2CD29CsHkfI1lc8PjnusFOmUaHyrKqljkAc8Jis7Z2YzJ05etB+2vZy87d/avn6vl8WZoObmAABI23286L28OAhAOu3qelS8DwQXrUYgGGPw5jlUdQOtc/pstcq1+qYyZWvZnsxfxGZ0TwpqSdPMb1YnY/G2rtk2/q8DZzAgsNDJ5mmHH4pLRFsEW0ZY002/tWmHaylr7Jky9BEnqdK35c0Xs/wCP5GRytLaXKkQgGgH9qBcVUrmYewnlXTiWNGdYMAVHxlvvrZYDUbkmuLPNFXtx3BySeBXydEETq2m1GUvBYPeCedJHZziTu/dhgIB/D9ipGMxrKe6IEsdxVmPwrS+eQDB2ix1kWs7uTc+4PPkIpI4pir2IfKLbNpsNaLnstdxF5S5yWlHWZ9uVHhfsYMQgzMOmp9Sa0xyQSXn/ANIIfCcI9q463FKMI0O+tMiDQUFxeLa7iGdpluv4CjOFfTXpXVxNOKaN/T+oAeLju7F8o0HYkcg7BT6aNHvQTgVwG2OQ2B56MQD+APpRjFYVrguKSyq5kEabGVnqJilnA4a6qy2x1llHrvNTFWlr3mfHyxvs3Z1I30YeYrRWKGPu+m1DsLeYbwfRiD5VMznedD1NMXne82mnypbvW+9vpOytPyBH5mi2LuwpMj5zUDg1sm6OZ3oXuRbuh84F4QKjcdv3O+uXSqtaZcn+kQQemuatnxS4e01xtkWT68h7mPnSbhb9y7ZaHPMnX+Lf0JqTVwplfUyqkb3MQgEocvlNRkxIbQ86iYi8ijKVMjnUrh9mVFxd+lU6dKsyEjD3gpENEc69rLuJJXVFmsqNN70DYfbGFcjvbnhQGYnpzNSOL8dVDb7lpXTNPPbQVz/67COxUHUeCN+o2rvwXhNl27/uQJ17toOUncgagVz44ISh4Ht+oyRPbittyFa34o0JFecO4VbXNltzIOZ+pPKp9vD2ZzzBXlW17iATwqQWiaDj4H6V2vcFbMX/APoVq2DcZiYYzJ5dKW+I9prdvNbtrPT3o12g4m92LRQAsNRy050hcZci+FYAkRly/lVEHDLPR2+5GGcfx60UTLaCuus6V5wS+16+LjEADWDS92hRg6gIUOWTJ3rywzFF+L4hMclkT+Fa100fR+D9xSzMbxkuy2bMB2G/IRzpT49ibtliP9TdT60QtccwmGBZGkgbGSfxqDjO2OFvWnS5Ykn4TA/PlTYoXvp2IjXhGMFy0waAY0PnuPxojg/EhYRA0mefpvHnSHYxZGiTE094XFoVSNiIgbxsR5lTy6NW3DHRfsNvS9yPdtXlBOgUAk89hypN7R8UFlciQbh5x8I69J6CifabB2b4N+5cKNaGQ5QPGBLg68hB/Kq4W8f3NX9PiSsrktDaQ79krz3kcuSxU6RA5AnYb6imDDuJYcoBG3OfLqDVd8Pw+dC5YiGjTpAM6+tE8DwcvcAW4zbGCQAQJJBPLQH5081G3uNFt7DNxXgeLxVonCoSwPwh0DMB8WVSZPXT2nWunYzhl3Doe/S4twnUXAQy+RDaimHh2Pt3EBWFiIXmoG5Mczr+xRPGdprIwpGJ+K2NGOWYGw6knYDnpSJqtJo0KPjAHa3FAYW8pAM24/zMRlPsQDSP2ZxTAlAdGGorbg/F/rD4m3fOl9LrW5PwXQpZFHl4VHqo6moXAyc4UaE6D1ppQcYswZpanYVuXhMHmda8OLZdFMCl7FX7lu4yNurGiNnGmBpVfo2luVhG3ezLvrNZQ4Y5ZIIj0rKR4yF39k2+z8aqTJmd99aIWOHWxd71VykiCJMfLag2CwU8zA2I5+tHraTHQjauZJyjHR2IQeLopYkEAx4hS1wrGPnmMwJIBGsRNTe0DCxdGbVSIj+9SsC2S8Li2yEZRy0nrWDPFx1Ta5Yxw4rwC7cPed4Zy6AD9ar3iVi7bVbxtEAP8Z3JB+dXKmKJE/hVU/SNxu6bvckKqLrA1n1rRjTlkisatPl+4O1C7xHjZukswltvSj3ZTAG9ZdpcMo0AGh9/lSV329MHD+1l61a7tGCjrGvnvXXhjUI6UhGiCotNcIZm/vXa9wlt7YLA8qn8M4fh3TvUuM9/N/hmNddZ0n3pmwNzEGTbw4GQeKSBPkPOs3U58mOS0K/i6CiuTZdWK6g855VwHGsRZulVutAUBl5Hc7HnqNRTzxvhl+6hxTWe7gayQNKQ3y3M7ADeAf4gCYPrEfKt/TvXG5JX37jxbXAYbiNvE2LisMtzL4en/FJ0dKK3rHdFTO4oUK1446bol2N3ZrDqbCzoWZoPImSInrpUlsKUaNRPI/p86kdmAv1NFYSDmJ3/AImjYT71rxi+EQGWMHeDt5zv61mm3qZelsTuHWlIBBgjp5VXuJLG5cDks4YnMdyQYb8qd+FXgdVII9edAMbhB9aYAAl7hAEE+FwCWHLQk/I0+DeVC5HsQeE4Y3LioDBO3trXfhBIdWPUVx4FeAuKSYB39+hFTMBZH1hlmIuEeUBjV+RWjNIceJYXCtN19LsCAecbUr3MuYgqQZ/OiPF+IZb2Qlbg0g0LxeKzXYHUVnxRaQCNj7YVjG1ZWcRv+IiJrKdrcZF48FdzcdEcZU+6efXXpTEbpNnPkGZaAniFpLhyqAzfpRW3hrhtgg6TJHWuLgzvTort55AYzJeSblseu8V3wui92+sjwmt7bnQFYBr2AWB5AQKspSWpvcJDawEVpknoPwpM4z2TsXu8uBHNwrAg7N7mrJS0ANNaH4pEs22JJEkyfWsWbpsyUXhlVdhlS5PnrjPBXwtxUuMpLCdOXlUT6uCNHB8qP9rrSteDLOs6kyTSvi8PBla7PTuTgtb3Fe72GnsnjWtPlULJ5mrR4C9oS7XZJ+ITVI8PM6k7VaH0eYJcxJM7HWuf1mKp6kyHn0p8WZrSYa2TN4xzHhGrH01A/wA1Jx4PbgKgJgb8zHM0/wDAMIvEOIYnFsJs2QbFjocshnHIy2c/6K9u9kLlol010NdDHL0WNRfNblka7ldjBI4AZdRSO6wSOhI+VWl/0q6QzASVJkUtjgVl2YkMCSSYY7nU6VqjliNptErslbBwykQCGYZiT/ETy3rbtOx7oz0/elFMDZW1bCIICjTn+fzNDOMoWR53g/lWeT8VlvCoicGSBMHxQRHOfOt+IP3X1nEZtSosWvJnUG4R6IJ/zVH4RiLnd2ltnxaQOZG8D1pl4zwa2rmxci4bZlz4o70gd5kGbwqNFj+Wrcb0XJiSV7Fb4S4VYEbjb15Ux3cO31y6pEHvHkepJ/WmXAYW1Y+0S0gKxPhEkdJ3ofxvw8Uu5AMpZHE81uJbcH/dTelU00VTjW4u3reW9J5E1phbmdswWBNPPans7mQ3lIBjYCSx6Um4W0UeDpA2NDFNS+JU+CDjVYtWUTsso1OtZTth3Lf4zw8E2rjKwJEFhsJ3npTlbGW2IIKwIpewa4sDKxBHQiuvcXcoGYgDoK4rfOz3REydib8nITAHOh2MxndfCc0nTXnXQYRipVpYHfStP+iCAAp01E1VplpSpsN7E7h954l/inUDlUzH8P79GQmM3PpQxcA4Yt4tfOu696uyv8xVuKUoqpJtEsQu0fYS9Zts6slwDUzIMeW9InEOG3GtgC2ZB5Cr0u27jboT6moV3Av/APaA9qsWeUeI/UUo+zwjEDa03ypg4QcTbDDW33ilc3MCCWYeYAMecVZw4a38NJXEuI2frzq7AJZXKVEsxbRrmiyYkINvuNVmLJLLLxR2W/n4hVjp2Hu2sLhUtGFjl/XzgAe1Gr3HbJBEn5GqqudvcDyLx1AX9WmvbfbrAHe7cH+Qf/Kq9HUW3p5D4h4w1+wpc5SS56VXPFrIt4i4uwaCPcf1mjlntrwv/wDIb3Rv0BoF2o4/hL11HsXkYZMrqQw5kg6jzqzBDMp+KOw+NtPc0Vjz26ivMTbJUjcEVxw+Osja8kdGMR7mvcZxK2FLJ9oF+LuyGyj+J4PhHma1uEr4L9SCXAOF91invOv2OEQXFnm4S33Y/wBbA+xqHavliWYyWJJ9SZNFPpA42tnC2UIKtiMrMANe7tKAs+r529CtK/D+KWT/ANxR6mPzqSUlCK+vxFh7xjtiUcfy0y8F7KpirVu/cSXKBQeeVCQv76RSYvGLQIRbil3IQZfFBYgSY0031q88PgntpktvlCgKogGANKp9DKXdr4AnvsBk7Pv3eQDwjUSNaE4z6PkuN3jqSxHlTA9jG5tMSmWdPs9R1561smFxceLFrPKLY/Kasj0kFLVbsRYxPudgio8NlfXw17Trh7OIg95iJ6BUUfOsqx4YB9GiYSvXbesuKq7kdfnWl4oxbQarDaEGNdKzBYW2oJkt68qDxoLxqjoUEVnd+dZaTwgHrWxdRSaYlbRoUitc1bNe00rgXquTS4AzfN0r3N5V4G8q0C+dRsAH4zx8YfDXbrr9pbgZdxLZYM8x4h5mIqiRiClxMQLMlmZlN5Qy3mQgMVzAhiHLSRp8MQRra30jKcRdwmDRjmZy7AbQPChbyDMxjopPKma7wHDsthHs23GHjuQyzkygAR8h8hV6moR45GTQSFlYgADyitHwwPIH2FdYG5NYblZ3CL5AQnwds72090X+lIX0wcLtf9OZ1torJcQyqgHU5CJA28X4VZIXmYikz6WcKbvDMRl3TK/sjKW/25jSQjpnF33AuT56tKDE7c6fOwPC7LcQsvbdFS2C7qczPlRSXZoUIFIOX4o1AI1ikJDTvwW+cFw18TlXvMUTZTkRbQFmbbXM+Uei+VdYsGL6XOGG5gbOK0LC6ZjULauDLbUHoAlv3JqorY1q8VuHEdnTPiK4aDz1swQfWFBqjtjWXppuSkpdmyIl23KkMNwZ+WtfS3YntEcZg7d5hBMq2vNCRvz2FfNNg19BfRlhxb4Zh9PiDN/qdjS9ZkcIWvaLdDgcSdYAk86yw6iZGvWuAevQZrnLq8i7k9I0SmxMDwiT8q9qNXtSXUTk7smtm3eEbD5/3r3vW5x865ZtoJNZpoMu/mav1t9/PyBqbNs/nXkzsD+/SvbmusVqTPP9KV87vz8wG0nkPnXok/eA9K4CNPEfOK30OwJ96ilfH3/Yh0IA5mvCw3/frWKhj4aW+33FDZwjKph7x7tI3Gb4yPRZ/CrIpyaXtIQOx4+tYvEY4/CDktT/AAgQPTwyf/dp0bXePnQzgGCTC4VELKoVZczoGOp18tvQCgPF+2uR8lpVMfeY5gfTIY/Gr3F5H4eAjbnj9862nTQVVnEe1uKUZl766zfdtA5QOkqpg8gNaO9nu1eKNlnu4C+qpqz4hnBPOEQWyzesR50f7WXdkSsdpPOaB9t0nh+MH/610/JGP6VG7LdtTjbq214ZiUU6tduAKigbksdz0Ua/nRvtHjcLbtXEZFuFlKm0NSwYEEGNlg6n9YFD+1ad2HSz5WwWHa5cS2oJZyAB60zdvsWBdt4VfgwyBPLN94/OT/mpowHZ+3ZxTYiyoDKpa3bUMyi48KiqGkwGLEa/cokn0dobyNnF27dbPcZspW2pEklCcxMkAaDYzuK29hq3CH0TFL3DDaaTq6ONNn0BHkV59QapzjnA7mGYhoKgkBh5aajkauzsdaazi79htwu/I5SII8oalTtdZVL13NqTcI8gpP6j8650JuGWXvHjFNsr/g3DXvtC6Absdh/U+VfRnZXDC1g8PbEkLbABPPnJ9aq/D2gqqAAB5fPlVtcKBFmyvS2vL+UVR1WVzormqRNLfKvc/pWuYRsaxeorE7sQ2mva0SRrG9ZS7Pn7ENe8HXTc6itDfUHedQNx8qTGx0iTdQ6cuvpURuLHSIJHPz8606xbLBtv5eorYMJEZdP3rSHY4udyZA5SfY/hUg8fbZQmkbz++tFSfs8/Qljk3qNddq2Dj+Ig/vak/D8axFzwh7S+ZIA16z5TpRe6WCljjLTEASqEajpvV+PHknvFbefeMlZz7ScMuX2tNYuXkaw8nIfC0iIYHQn1BgE9ZrfEdl3xFy1euOQ1rVBlUKDIJkA6mQPlRfhnFUVABHn60QTiYPOunDFGKWw9IXeKdkLmIM3cUQg1yhFAA50K4hwS1ZhrdlrioJfvLgSR1iAqjyZlJ6c6ecbjkUDMwA5k7DnJ6xyHUilDjHafDSPtDpJ0ElTyCltA553IJGw3mrEq2QaRD4jxMlFRFtW0IkZBB08w1R8Dxy9bBWc6n+OT+ZoZxLH2bltiWMNyAM6887OzlgJgzVc4rE3rbvbN1/Ccs5twOY156GjqQKLfu8bt2rclWMn4A+UEk6mEExrrrW2P4XN4kOEF6yQTsIGgAj1GnrVf9m2a8PGxMaMzSYUGRVi4vtbbuBMPhX0yk3HjZFB7wyf5ZgjypZbjR2BHCsGSy2kg3Raa4DsqAnu7EnoAxf8A9yan4xrOCCYXDr32IuOpuMd4nlHw6aAD+9Jdrj99Cb1nS5ibsAaZVs2gU5mFBZoB0/wfKpli8ts92pS7iLh8V0vmVROhQrrm8zB00EGSJzpbCjPZxeXiNsAjO9tkZgZDEEmQfUR7UqfSLajFXD5qfmq0V4owXE4YoIyBI16sTqT6nX1oL2vt3buLuiNQFJH+VYrmS/yfItgvF8jjh28E+1W9g0Hdpv8ACOZ1gCqh4bibYTI8676SR5+1W3hcapRNRBUQR6A6EcojfqKpypd2V5SWsdKwEefzNRfrKkwAf3A96727nQE6cjWdTi3Sfn6FVm7MNjP41lc1takAj51lNpm+xCtrjpsikT5Tp8p6VomFdjqwy6TE+0f3rR7jHZh6zzn8Aa5DE3InNOvnHPy86PirkULph1UST+EdJBmYrs9yzlGqTzkcvONTQQYm4B8S+kT+96j4jEOdMxkeQ/L8KXRJkOHa3C4e6bStdyaki4qaABdc7aQNvUxSEvFXw15u6fOswG3lZ3ifLrTLx/i1tUew2fOV5ba6iaTM25rrdLGSjuXQTodMD9I+JQa2bTecsv6mpw+le6NsKv8A/U//AAqvlg6AanbfnUm/aCos77+UGI1rVY1D/g+2uKxhKKqIYmMxYnbbaTr0rrY7E4674habX+IZPfxxpQr6LsSVxDC2XDlRJUnVc9uQQLb6bawPUVd78SKIQFAABgCdgAIGZP0NVyab3DpsqjG9hccvxYlVA0yIWuElfiMLbYCJG/lS/wAW4XeNxnbDXmJiWWSGiACMixqINXDxAs9szmIyo0MCdSW5FDrp/DPpUPF8PkqGRCSJAgTA8t9Kpnn0cKzbg6RZOZUVKnCMUt85LGIW2Y2VlBWNQWaAd9yYpqNi1gcK7XLitdvW1tju/F4RHeBW+Ea5QSdtdDtT3xXEphMOUQDvbixEARm0A9apTDYHEYoHuka5k08MBUVZCqJgACDp61ZDLq3KM+FY6V3ZF4nxFrzZiAoACoizlRF0VVB6Dc7kknc0w9mG8XMn98/SflS9xPhV+wYvW2QjrHP0MUZ7OOc6qJPl00Gv4b+VF8GfuM/Frr/WLa5SQUUBhrDS0Ajptr57Vn0gYe4t1WaUFwQSpEFl0gxyAgR61A4jxa3axym4GItqCI5nUgD00NRe1PaC7jV7tRlXOrLO4yyN56M1ZMn+RfcLnUjvwu4AYZUPQgEfhT9bvXVUKtogIqiY3jTTy1n2NV3wTsZj7qg3LoRDrBjMQusCIPiWRE1btssVEkTAJHmNI9N6y9ZpnHwSToTJJPgHWGuknOD5RGvKfx/KurEjYus+45bx7VMViOh5Tp0n9RXPvydo8tPXSuapxgqKrIqtqJuFo2Gvpzr2panYALtrt6j9+VZQjPI90ErC3i2JYhY6krygxED8POiOGwN25BAJIiQNvWN4/pQW3jQrSJMbE6668jpUi32ta1d1JaIMCNTt89PKunDFKc9K2GSsODgWI3dSvUmY02g+01IxnBCFD94BJ1POfIc+e9I/aztVevup7x1VB4ROXxc2IXQn9Pem/shxQ4uPsvhEsdxJCiT02MD+9DL0sozTUtjVi6ZOcVLhiH244Nc+s5rdt3Tu1GYCfEJmQNqUr1toZcrSNCIMj1FXf2rwIVWvMcoghFH3mPMn8aqjE8KaSVcyT8/WuhDPGCUZbG2XQSncsS2A7EgyZlQJ5RptW31iQqk5VmGO+k6tH72qRe4Pe1+Ez51wbhV7+D8R/Wrllg/9kZn0uZcwf0HTsTcw9jEd4LmdQBJbIIOZT98L09atvBY1b1sXFdBBJOqsMs6yBcjUTE89YNUFwlL1vMO7MNEkOUIgzoy61YfYjD3bzd2bmLFpYLxin0BkBVGUNqTsCD59aZZYp+sX4+lyVbi/t9x4xGPVyEy5UzBZZSshRvDgSoJ5COhNEbPHLYAVULATDeprrhez2HQhXUnTRSSQq7xJmWJ1JmSa48R47hsPc7ruiRHxgSoaJCnz/tVWSE/Wul+v0HjlxbRabf0QH+la2j4AX2GVkIP/AJLI8J94Pt51XPYzjC4S0iw+dmNw6AA81VCRrDFfLw7RTF9InGjewrsdFDIAPVgSTVRZ/ET1JpumyxzJuPF/hFXV4Xjai+a/L2Lc4twk4rBti3kvckyeSjQKVGhMAnrMUpdlsoYM2gA6Sc2wWDuTt+PKrN4cJ4VbB5Ycbeab+tV52XtI7iXyqp2EzqR8OkSf08qbJlWNOUjA3QwY7spfxN3vYVQQuUkiNtoGoEz56epo5wbslatAFhmY9Yge3p/zTFZwkKADlUQAD5dfxrdii+e/KQY28o8vSvP5+qyS34T7FTd7kZLHr0nroeX73rfKZ0B1ga+/n7itleGIHua7BSPvg9dt/wBN6y40q347gOGRgNyPb5z7fnWwAG0RP9NdorfvA3UxpO4jUaDf+1e2rQ6D3/frVrSfqho5GNxG2v5TH4V5Xr2BEQNOZjz/AK1lZpZWnwCik1E6KY9dJMg0ExNlmdidwSDpzzER67n2p34dwcuCVWYEnbTKw8W/SKMJwGy4XwEghWZuecTPPbWR713I9bHE9TCnQKscAwt6zeW8LltvCUuqC2SNDKaZgSVB9Z5U89nr+FsWVs4bL3YGrOYJb7xaedcLODGZpIgroBvp5cuVbWuHqVKgCDPh9dyOXX51il/Vcu1Ljz/B0cHU4tLWRbv7HDty63LNuCmUEzlYNyEHTbp70ivhcxACxy5mfWefpFPN7g6lQu2gkbbT5786i3OFl1ELqrEEiATpoAdumscjVcuueSbs6vSf1PBjWhWJX1Q9KJcJ7LYjET3VskDdjoPSTufIUeu8MYtMruZBgHN/KDvNe4fEYi2v+KyICQQpgArJO3oaaPVQ5b+h0/7yE4/8bV+862/o7cRLP/MAs+ymdPf+tP8A2f4KuHtjMFAXZQBC9STuzHmx9vOrbvHsQP8AvXP9R57V5huN4rvrateud2ZLhpIIAk77aVs6fNCMrpt+9/wZOrxZp46nNV7kcuN9v3GOxGU3e7z5RDCRk8MoCNJA2nenTiPDv/Qm4zE3CuczudjMjnIFUNiLwN1iNi5I9CTBr6Cx8PhHVQS2QwvkRpr56fOuvNpxpnmm1qtFW9sTmwF7+Up886iq6w6XHgKhJ12G8bx1jyq7uF9nybVxcRbFzMRFskwSpBGaPY1M4NwggR3aW1DQIXxSvMEiQDodN4rmYeph02PSle9mnr+ojky2n2IvZLEg4Apdbu2WwUKtIl9UXffr7Vw4Dw6xhJYQ0AHMBJzA7gnYamI6dabrPDraghwNQMyxAJA+deWeD4cTCAEiY1Om/L9ay5uqlm24Xs+fc57lZpY4klxDBZSYyqVK6dDHPnHnU20FgSJPIT05z7dK1s2bQ8jOkb+gGwrDZ6GRsB0nXXy3rLJOXjikL8D1fDO5nXXqZ6azrXveqSsAzBkmIM8vXf8ACsSQxB08PSdv0rk6giQI6a/odapnklX4+Hn2AO501gfj01Gvyrx01MbDcx5/2rU3CzaEEDY+nUfP51oLLEST4dpjT9/2p3OLtV5+oTdmnWR0Og0PQ6Gdt4rK5kTvB9vesqh5U22lfn4gEDBIO6B55f60c4QfCff9Kysq/Jw/mQMZBpp90mvMdpcIGmv6D+tZWUmZJYpNe1fZkJ2Etgkz1rTFqFZgAAJH5TXtZQyxS6W1zf7kI+MtBWEAcvPf19TWzoPEIHLcTy868rKw3642prg0+pWyASiy2hMRI6GPQVG4pbCYW4VGyEddI215aD5VlZW2MnXPZfZDa5N7sU7nAMMAYspo8j/Un4anTbWrEwY+zUciwU/+IXQVlZWx5JvIk2/Vf3QtmWmkQdtf1rzEaa89Px/4rKyqZ+qn54EOLMZHmRNaNcMkToNh+vrWVlYcsmraf+xEdmUZFMakmfOu5/xIgRA0gcoArKytcG1J/wDX7BPMWxytqdx+lcbAl/30NZWU+XfLG/avyA43RDADQE/qamFzp/5Ae2tZWVkxtrWMc7jkHSPkOgrKysqr0k1aTfID/9k=',NULL,NULL),(7,'Semaine Montagne','Echanche 1 semaine à la plagne','2020-01-01 00:00:00',NULL,4,1,2,4,'data:image/jpeg;base64,/9j/4AAQSkZJRgABAQAAAQABAAD/2wCEAAkGBxMTEhUSExIWFhUXGBUYFxcYGBUYFhgXFxgWGBUXGBgYHSggGB0lHRYXITEhJyktLi4uGB8zODMtNygtLisBCgoKDg0OGhAQGy0lHx0tLS0tKystLS0tLS0tLS0tLS0tLS0tLS0tLS0tLS0tLS0tLS0tKy0tLS0tLS0tKystLf/AABEIAMIBAwMBIgACEQEDEQH/xAAcAAABBQEBAQAAAAAAAAAAAAAFAAIDBAYBBwj/xAA9EAACAQMDAgMGAwYEBgMAAAABAhEAAyEEEjEFQSJRYQYTMnGBkSOhsRRCUsHR8DNicuEHFYKisvEWJJL/xAAZAQADAQEBAAAAAAAAAAAAAAAAAQIDBAX/xAAkEQACAgICAgMAAwEAAAAAAAAAAQIRAyESMUFRBBMiFGGBQv/aAAwDAQACEQMRAD8Ai20oqSK5Fe0eWNiuxT4pRQAzbSipIpbaAGRS20+KUUAMilFSRSigBkUop8UooAZFKKkilFAEcUoqSKUUDI4rsU/bSimAyKW2pAKUUCI9tKKfFPVB50ARCrCARTXskV1UPapeylZxwDU+ksSc1G9qKm09yKmXWio97CS6FDiKmGkC8AVWGvCimrqyc1zcZG/KIQtWalFqqNvWcUTsvImspJo0jJM4tquHT1ODTveCo2UUv2eu1a3ClRsZhYpAVLFLbXqHmDNtKKkC12KAI4rsU8CltoAjiu7ak20ttAEe2lFSRS20AR7aW2pNtIigCPbSipYrm2gYyKUVJtpKtAEcUoqf3DeVcCZiiwohiuxUz2SKS2SeBRaAh20itSFK7sPlRYHLbxXcUttI0qHYwnNKaftp9uwzcAmnpAQxVlLsDipV6Y/cRXR09s1m5xfktRkiJdT6Va0/UoGa5Z6axE8eldHS3JgJ5fKok8fRa5jj1EniaYNaAYnn51Y03SoaLj7ZAIjvJjmD3xxVy3eKEm3ZJ27ZY5UgsADJggjnaOQZrnnlxrSNYwm+xJvgeE0qI6dCyglIOQRtVsqYOSfSu1zfc/SNeC9mH20ttWPdmpLGlLcV6zkkedTKoWkFolb6TcPYAeZNdsdLckg4InGJxnuQB9TUvLBeSljk/ANC1Lb0zNEKTPGPl/UVrtF7PLsXcIZogGCeJMkTAx24qHqNm1YMbwXYkAADuPFPof6VzS+X6RvH4/sBW+j3DAIAJ7Hnv/Sqt+wFBMzBgQCRzgzx2P2os97xC2PEzT4AcyQxlozEkAj5Y5rO9ctXASfebgSSSfUmQft28qzXyJtmn0wSJVyJ/UEV3bQfQa1kPiMz2GfOf79KNFu4H04rqhmvs554q6GxS209DNO21unZl0RxSipNtKKBEe2kBUm2ltoA6HNcJNdinSaVFWORpEHNX9PbCj50NFS+9PFZyg2aRmkWr6q2ABipbdpe8UNUkU9LhpPG67Gsi9DtbYzI4qstufSrZu1HdFXG1pkSp7LGm0CESzUb0ioB4QAKzWaL9OcwBWGWLq2zbFJXSQWBHlTWQfOuNfABJ/dkmMkAeYFBj1kLsum2wEXJBIHDEK0HmBBwOCDXE5o6qLup1Di4ltLRbdJLAeEDsZ4z61PYFzc0qVG1dm4/Ex3j4MRie3EfIM/5mDcILNkkCCVBhQZBGBHlPZhzinaoKdrH4VQwFPYggk+fEVk22VRD+zEMXIG0CEUnGCpJY/NB/wB1UdTrLjuhSNiuheDz4yIljK/DxxmaMJqveouMkHBwfCDx5yPvNDbtsN7skxhd3+fAJjGDM9qEASslI/xEXLYJyMn1pVjNaw9423CyYHgP6txXKKHZqDoVTxE4qmdaoP4Y3Eg7SMg85jyoLrFuXG8TNyQB8j6fKa0nStelu2EKqAkABRn1J8zj7mc9uiWSVGCgitdLHZuubnbhQeNsgwO8mfsKudIZVtsUts7NuWWBAKzgwRPMQMTPyqnrPaFfejwExACx3OScDzk/P7Dh6ncLBTdZdzGUlixJhTLT8IJxAEcVk2aIPWbFyQswSh2tAAUHy7DzPcjz4oHrtaApVWgSUcgTJJIJUwdsEg4Mc1Lce46DdOQABI4HLETzk/nQ7Rsv4m04tO3LHHADQBxP0xUrYyK3r7lve1lMxkysjiAD3AJkngyOaA9R17wfei4v8KhPDPqOO/zz54rTdVvpaXYxjgRAIM8Z5iAMju1Zq5rAcIS28mFxExAGRhZj/atIEyK1zRuF3R6ieZ9R/fNWtL1CMNPP2EA5rq9RMwySI4XmcDvUbabdBtmfTG4Z7+fEY8zWyfozJtVqYjaZ8/ln6/lUtrqQxOO2R+vcd6HNpyBBkep7g5/v5U/RaVrri3bUs5nAgcCTk+nc0+bQuIbS+DnH0yPpUqEHjNQr7JahR8SAz8IY/wBM9q63SLyn/EU/MEGtY5yJYCaK7tri2Lq4IBA7zz5+oqZtQZUi3twJwrZkZn6H71o86M/pZFtrkUQv6y2UQSqsN2IJkkeR7T99w9a7Z0y3UZrfxKCYjwtEGFJMg7SDkf7TH5K8qhvA/AP205LZJgAn5VZ0mia58Inxbee/f6DE/MVc1IW2TbU/ArbzuhfEBJIjPAAieOMiFl+VGC1sIfHlJ70UE0h27iwC4jvzO0QPMwPrTr+j2gGZ3GFgEg5IEkCBMd/MVJrtUN621YD4WVdpBECWhzyPGpz+nL9V1ZWuR4doUEQCWkM0ZkREDt29Yrk/mTs6P40aHWujtEuQoiR3Pp6c119MiKzSGgARxmQT8UZj8ge8Td1+v/DLCPhDSYnYSJIJ5ERn0rPXdciK0vAIbb3BA8LQmJjt3P5iJfJnLyXHDFeAiEtlgpUqQQxmNrCSIBOPL7etLX9U93etou3buZdsrk7C/EEz8h3OOKy/Ver2XZ2UM3gWXG+SQUxkdo2x5zRXpWr98rG4v4hB2KwYBj4uGKhQDsmDAxiTWcpt9stRS6C2ovbVcrBLAd4lYVx84znjxL9RemN2AxKlIJXs0ypYj05FM1vWHZzZtoLhDbQOVYkeJYE7ogcCMTjNGen6cGwX3K7+KZ8IE+HbkbmgmD2kRzUpjMl1G9dfZuy8khIIeI8SkgljBXiOTM80SNtWXe1xpaTt+GGHOB842nIMz3o0nS2Vw/i3ksu6J8QiADAUYPYkmDzBoRremvuO2XhmLQsxI2HdJ8wOR3mqEdXrNy34vdttBG8sYkGD2PnV+3qveWkYGNykQgJ8S7NwTuDAYcdz5GKentqQwuqNqsrHg4GwjnA8+5x97WnuKybsEK1wiMwS0gARBw3bygkdkMX7DcHwXFUfwywg/vYGOZrlCLuvvhmCtABIEhux5x580qKEEtRr7l5iSIIWNq4AUeJRM/5eapNdI8W4BgCAJXzzGfiJHPpUN28EUeNxEYg4GT37nGScUOfVMzyhRUgqXLIDnJwTIJA7CJq+yGFun3UL+7RYubjuJIMd/sIOB286L2VwG2J22uSxcRJ7YAnHfvWU02790xIIYn4jiWIxIH1yR8qKaPqkAqQSMdiF2yWYDcZMnJk+dNodltrhLO48yO/nExOZiIOMTUDQobcoLEmF8I2xDQTPzPkMZzS9yyuO3iDRDEAkjkbYC8d85icGu/8AKmbZdkuoAJB8MkMxmSfhknPpSGVtQVvllUZjkgArnhRjBUTPqeMmhqWAFe1uIiQowR3DSwzHMUbT2eYP7y5eEtv8BL7v3gVJ2mfnSXSWV2ySSTEA4wMmds4jv/PFqSRLTYJ0+hkgTMkCfKcVK2g/FtKAYfYXcTCgAG4UHcgzIzzFXf2gWbhzDCYnkA4WYEcGf6VT6XrCoAdgCykoRAEG6CYPqVHrAqpTvolR9jr7hF2W3LuIkGCMRuWT3mTx2HrRrplkaG3c1upHu2K7Etzn4gcDiSQIFX/Z0Wktvq32qgXwkxwPiJbvngn1PlWC9peuNq7gvsB7lTFlCcxnxR5n8h6ms5ZKRahbO3OpXL17395wtwn8PxfAAcKI78Se5HlxqOm+08Hbq0kRi4oEnnmMNkAYryfqbuXJEETggQNvlHarOg65dSFK+ECCDwfWOxxz+nJ5o59nU/jutHtY06XBu07q4xMESJmAR24qpd05GGEH1B/nWH6R1QibmnuNbYEAgwBkGAe3nz9Ca13S/a4GLepTGBuA8QOckeXHFdMcpzSg0Oeyf7/pTLZKTtMTzGJ+dHRpEuJ7ywwYHyP5Edj6UNvIR8Q+sfrWqlZDRDY1jocRgEcCMxP/AIj+zVbVsbjbmY8EFRgMDPPn8/QU684FQe/9Krgn4FyaIE09wYRwoMwxBLD+HaMCZj/81zQ9L3St24zttIDEqACOCPXA5Md+eLBvDyrguioeCI/sY3T+zQ3j3l7faUfhgSGJAUQewg4x+lMv9Ldw4BGzIZmWHWHJG0RMkjkkevnU4uDzpxuk96zfx/7K+0raDpFgJuJNwhtwyQBhWMjsZYHtM1evP74vbCKDtMMUkkttgwYIOQSAewmorbQwbtu3FRAknk8f39Kl0r21FwglXIkTGzEFpC+f8hUPFJFckyK90q2jqbduQpgqTgnA3fKJ85n1ohsK3RtRAX+OAOQPw/FEgCTxzM03R6pGO4X7bN/AgVs7QT8JwQDxnPyzPZvK8w0SyyTIMqR68DGPU+RqBkumV1gNekAABQOCJAIOMifpP1qvoNetu5dBVhIRdzMzMVAJDbWEQCwXmcg1TGrPvD73hWA84OBBjHOfXntQvWXi5EMVyATncR8IA8xx9x9aAudTvHfcVjlwmAcifCT2kgA0O6ZrJuMq/CYf6AbeY/yxjyPzNK9cHvRDeMJOfrPGAf7+cN4qphMYJU9gTBkn5xzH600hBsdUa34FUsATmbeSTJ59Sa7Qw+iz6kGTPc5pUUBAenai+d24AMe7Ax8wvy5ijfT/AGQKDc5UwfEceGODDQfpRXW3DZssx2pnjw+Lk5iDwOPp3oFo+vi42xkuGwt+cEbmDTt8RElZMkCCD2ABrTl4RDRq9B0xGXdb92xxL8oCMRmQ5EfCMc5oDr+j7XaWe8WAMCy+0D0x8+AKO9a6lasIbNlLYDW7hxmMrEjvIL4Hl6QcJe9sr43p7xmBZC+2ZyWkKTBAMxgHjHaZ3YzZ9G6dfS17sApbxtVtq8yYg+KMzRE+z9oK17UXm2hQSBhAoAmTktMekzXlb+1N4F0JhWcMBuYhQIKgZx8PI8/Siq9Tvai2y72CSJHG4LmAYjJmO54ihryFm267qdOqMtu2Q8QDPG4t4RnBO4+mawGu1roeCIJmczJJP3GP+kUF6n1G5cZ1AbYChaWCx7qTtJbDxyYids9qLnqG0QDgjgxgdvninFLsGzh1aXSN2DHibJMczkxVvoHRvfvDYsWwHdjOFO0qF8mbt98wKZ0awLjm2LeQQsRG1mYckjgevz7TVj2p6wIGg0zbUX/EcYknli38R4Hkv0oboFsp9d66dQTYtkCyh8Q7MwhVtieQsKPUx61ktX1GW+HbPbOPQz37fSpL2uUQoAEYEcY7n1/vuagt3BcMAT24kk8VwZsnJ0duLHx2yFdTM+laDpvTLdyzpbmZvNfBPkE96oA+tuc+dUep9C9yxV4U+4a4w8pkBcd4ijXs2v8A9XQmOW1Pzib8fyP1rFpcbNk/1QB1OpSWREcAOQfEpBKlgG7Gc4NFUv3LaozLvRnNqf3lZWj5xkH5z6ULXR3GuPttsTvc4UnG454r0L2WtLsuJdAINxjsjdnduEqMjkZ7TWsn9aTj5M1U20/AO6drXRmNi4VYGCobOJHybv8AQz3NW+pe1txgN6WgQJLPcNpeUWPhckktPy+VBPZVLb63Xe9tvcUs+1ltXbpQm5cjNsH3cjuRnaI4NDOq6xZVSytLOBulXQhgALit8MgqQZMjyreGcxnh9Ggs+0+4AmxI7lLuncT6DeGb6LV8dVSPFZvLzzac8c/ADWM0+nS6Sq2tzYEQsyxABEkSJK/eo1azhgzKBKggsIHcCDj5CtF8r2R/HNyvUbBG4sVB/jV7cfPeBH1qa1esv8N1W+TA/pWHta0kBU1d0AT++cZyDP8AeT51Kb91jua9bu4gh7dpgfrAP51ovkxIeBm39wOxpp05rGWL7oNq2tO2DG0OkeWVbFXn6rtVYt3gY8cXSdp/hU3J3D1xWi+RH2Q8T9GjNo0huHc1nLPX5JlryDEblt3F9Z2gNTrftTHxNH+qzdU/9hcR9atZosl42GtMmwttAUliWgRJOZI79vtV3SdRKTIJEECDBnzJiT2xQK314EbpsHtAvQe/Z1WPqasHqqqstauRAyoW5unuPdEk/OKG4vsVNE1/UEvLHwkwwE4xiTk8nmPLimXyTO6cxsgYkGRI55PzzUVzqNqJcsimJL23QcEQSwEHg/SpBqg9sFCrQPiDcRMEEcyJ+hrOUEui1L2VOsaYWrikn40Yg5zEEgE8+cn5VQbXLDbYPzGSARBkeoP2FQa7VG6La7yWSbcgmCpypE8nEGTnFXOmdDltp3b1EkAAAL/FJ8s4qKGX9JeOxd1y2DAn8T0/0V2ilv2RVhLbp4MgTIxOD6UqKEDfafeLe123OSuzICL4WBncD2n0PHpWD0VzMYLhfGVbB8TYKDw4zEQfXOSntJ1h7yqpUH94iduRj4vIQe3cZ5rKJbi6PCwWcgQy8ZknkDMT5duzvYjUavqQ3LIZ12wSCpLDw/hx5COeZmOBGdOp3NDAsSDljJmTjOTGcDA4Nd6jrNohSQJkREyeWB7D+tUxcBMDgZAgQsnAnuVicHO70pDDPTNSpksJJnnvBxiMGPyArSdLufhs+1NhZQNsM7Ewvh2kSOMTMAnETWQ091geAMN2bj93nETmTFE31dtbajdkqPjG5RxJAOCMcZmAORVPoRN1T3aWjJsvcu+Ebg5W3DtLe9Bwze7AgGIJMmDTdFrmmAUWAkpHG3kHthphhmI7RVOz73cYFw2ACWQhVDIg2m5DY3KbrHb9MyTT7ek948Kdsx4zuICnmFUSBxz8qSGwh0/UN4bkkD3hcwIO6cwBhRCn8/Oo+o3ipZRyG3TyfFkGe/08vSil7TAbVhQoACLEgDusk4jIzAOOCTVH9mAMlQSe8cqJIIzjAPbkis5/rRcHxdgG7uJErk5JiOcz29K9D/4e+zYUi++1gwOwckNtVg3lww+VCLAtHwXYKYJbMEMviMTJP07TkxW/9l7Rs21tvBYMIiPEotW0LQCduUODXHlx8Trhk5Abq3SrV7UXLl5bhJVV2CNpXEQfXHpUmn6WpZAzPas2rR2qMNJNwwSBkbUYiD5cUWN9HuMC9ucCN6SAAAAR5/1rPdf9ozp7qW7ZUb1kuyl1G0vEgRjJ4md3asopl9h1ehaVQQUuXB4pDvdbI3N4QxMHdbGB/OiGi0dpZ22dgDnPafeXASfPFsH/AKlrzrUe2l0pP7UgcFRKWXBQEQWVbggxBHfmu9P9rmJG/UXbm2XICJb37YJEAwTggDHP2tiSZkL+oYPcYMylmkwSAck5g55xVLUXSfEWJMjJJJ7Rk13VuSzEACY8zGexOR/7q77MdJ98xN0Sg7D+I/qKNRXJmlXoZ0DXXASVLbrfjD4gBWDeI9xMGKNdHthLbX2E/uoP4mM5+Q/r5UfuhNNaLooAUqYELmQZMCCcD51l9RqS21QdqoCFGPMyf5fT1qHLntIK4+SG5al2fgsRMAASBGAPl+dRvaqU3c/GP+2uwexH2/pTJKTyDzSOpuBZ94wPznmpNTbaDxVXSqzGY+HETiaaEWrGqvg+IyMRgHPyqwer3Byqn6f0qCfSflFRuf8AKf7+Rq7ZLSZetdRDk7kQQMsxIA4+1V21VpnCGzDHAaUwYwJ7cxzihovGY25PnOI7/Sp2tgqoJwYgecTJIBzxHpH1reCckYzaiGNNaa5dAW7cVWCqDvfa0kBQpzIEk+UUY6bca0Nt1nZd6gAmZWV3dieJEz3b50F/aG8LiAuYYNsPhA7E+KD2HBLdoFUr3UyDmYj+EzEjiYIIw0D+L6V0qNHO5Wbp+o2W0bi0ltCr4AO5gGDKvI5ycHOBT9N1XaLTgFi9q5ZaeRgwxxJgGccyKxui1LKpWTiCDtxKssR+XHl97tp2YCPEWImRneWAA2mBme2OBQwQQ1nWW3RvYQqCIZuFUcjB45pVPcuOpKpauXFGN6AupYfHDBSD4tw57UqZJlrW93Cq0BmglmgLEADgk5zMHPbFENd7NW1De7vgP4WCkH4jwpMyJ/iAnM8YqKx02VPihgzb/CMAHBkkFY+faudctA/ie5dDcAZNxMA2xtuQOwPOf4DSpx7H2Ddb7M6q5d/wwoaSWJ8C4O6YBY8RgVUvdHNm4bN2CY8Hu2mcYOQJzAyvY+lXdNfcX0KXNu3kfFgDxHacGAGP9zVPXp+IJh/DKnJ5k95yPKloCylsEM3PhKnknxCAR5kGPsIqpsYkCSBE9yqggDMZB9fzzRfpiBUbcJkqBPAiJ9D2/wBqs9PXbhfJgfgVmA2yoBEA4OcztFDYAy104zNzKCQAB8Xcle4G5ByPp3q70HSwvvNp5xIYyPMZPcd/MRPFQa667bmfLMxJDkH90gdh2xE5nzp/QLxAeVLLMyDlciYHMYj61JSNDugfiEsdrQFGAvLyOYAyBx9Ko35Z1kDMlSIbdtkEEzkYmRn+RjpGidw5t3EWA0yN8hoQQQRzmeYz4TMVb6Zp21P4O+0t22jXFdQC7FSVLMCMGHAA9F47FCsEXkP7Kl5QoVnZWCTCvbMfQn4s/wCXzJoh7V2ms2LFxMO5QPcgbz4cbiR51c02rtrYTUe7Vvd2zc8ODJSGYFiTu9TJ9asdK9qvxbbagB9lu420LuP4jDZiQDtUEdzknFTlx2uy8c+LB/s0zXNfetFt1sWUMESN0acbo7Ey2fI1V/4k2tzJ7slSAeMTtW7Ix5la3ek9p9Kzn8AK6iCTZAYTIImZ7VHqfaDQFoOmDkTn9nZsnsIU8hifvWCwpO7NnlddHz/a1jkwTj/U/wDWtj0+1/8AW3IqiNNfdmgbwwN33bbpkEFJn/KPKtv1rpXSNRKunujgJ7i17tg3bgQ0+TUf6d1zptmyLKAi3bTbm03woMlmIk9yT6mrljUloUMji9ngy3m2mC0QDcgkAiWCz58GpuslEa0EIVDasFwD4SzBy0ieYIrba65oHuXNtpokhiEZZALETH95rN6/pHT9v+NdtgmSSB9BkY/OqWFr0EstlD2Qsi9qkOwKu5AmBk+8UsSO/hB/KoOuWibgCyT4sAE8ZbA8gCfvWl6Bo7Nu9auW76uEbCrbcH8iQTj070LYhbpf3iEqZUhmUyQVYZT171E4/uxxl+DI6a4xMbv14rU9OufhhQQSJA5kwP1/qKonSLvchCrMGgl1K5MHEVJaubEAMMQvMiPofP0pZF6FFtdl3RWtqwQcknP86j0phmGAAinyyZk4pWtS5BB29oyCRzABmIM/SmWpmZAgAGTtzkkZGYJio4lqa6KOq6gy3XVSCFQt3OQJIyfM1JodWXYcQfp+6STx5iKj1GlU3CxcSw24M8iPKpNLomVhkQM5+uPLvVtKtIlN3sk1enUn0MDB/wBfHrK1Gw3SASNoHf4eB3mDjNW7qj+IYMwNvYNx2nxU7TW52878gmADEHBn4f3j6Qea3wr8mOV3IpvdO3LHE4B5cwZB9TBn+opvUFhgZJmQZI8+cHHA88VOdKVIDTOcRII7gxkAwOROJ9Kudd0SLtW2+5dqPPqRle8wZznEVqZnbDFifIjHbggEAf8Aqr1y7tQOfillJgQd315EUP6S5NwbVO2Ac5klhgfPOKsa0gyoON55Bkc4I+n50vLAp6jWX9zBCUQEhVRfCAMCMfU+s0qicice9xjwxtxjFKmSHtJpbgQE3CVuNBh5bYHb3jAMR4jsEY7mjZ6Svu0Z76BhcDFWKsQm0KwDbvEuCAPSczUHRL5G64mmBPvGO4kqDvdyAvhhVWDJnnv2q71a+zIHa3tZSrRuUpKnIEHcd2RAHekMzjezoe49q06Mz4hYACglvFDQJIjtgc5mi/8A8LtQovXQHXcAwBU3ILEDMiYMdyYin6JLl17j24tskBrMKbm2MMpMqyTIxxt7UftXLRO62ClxV2kMfFGwbsvJYmPsflToLBdvS6W3YCJbYXMhnceKTjE9p4GBH5ibPT12gAKu0bZDfiFjPjCie3mfLjNbFdFauKQV925CnEnzk+g9KH6nQbCwA3L5lgB6yCK0UYsm2Z5OgqSF27SUglSx3/CrAgiVJ8xIycYg90vs8zBvdECW2ndKi2RMAoRJBEHJmBzRjUMSY8OJG0QAPkO4ri6twZ3En1z2jvzij6kHMp27KWjdtyrMqrc3ThSGJl35OQIU92wDU3UeqnSlLtkWnNxTN1JVzCkhWVQQYntElfpVuzq0Vnv3C6kBZNtVLuxYbW2nBgmZiYmgeqIe+HCotibrFXAKjhWEKe5zkYAZiRmcpRrRSZn+hdeXZd09+4+xiCuwBmMncba5xJAAwfiPyo10C2+9LTovvdrIBvSVtgfvkmAwIGBzNGx7M6Yam3rTcRR/iN7vIBOZkiCeewjERE1FpbDNdua3Ssti0CVU+FzqXUgOQSIAJPJGSZqGtUy0/RfHTNQCAtiZyCByOZJxVfVXlRkt3Awd98AqQo2jxSxOe4jtFDbntBfBFs27KXLhA3C1bAQbxvuHaNyr3nPNFOq9EulrV277sj8TFtrhlHQQyhiTySTHmMCsljs0cyv7tjsItnEkdx4QhJB/yyc1KFUfuQSYOAJOc/l+lSdM9obaKzzelG2Dbe4VgQtqHUjbKDI7x8iQue0iiS37St0H4dmlIDZj4ghnvkUuK6sq36POergC6/8AqM/fNVbRAg5njHqIP5Grl/qNo3Lhhm8b/uAHk4jdWps+yDC0l64BbVgIUrLjEgsJxgGtFEhyMemOJ+hNMuMudwYwByTGT2mtDc6E6lyELqDjaE4HOC/9Kd03RWrtu5bKst9XHxLtIQAiQAxBG7k47eYp8GPmZ17K8ECBMDmJgmKiuadJ+Hyz6kx9uK9Es+x9m4PdAFCBlwSXYmI7RET2H50J6h7M+5ZntqxAwFuFXLQckFdqCRwDu7kxApSx0HNMxvuwB4QJ4z6iI/Wn+A2k3KCcrOPMCIA7bpnMz9tD7HPYv9QWxdsWlDLdVUKs4Lhdyh/eMQGCqYIAM47itt1r/h/pTb8JFl4wVIE7RAhTg85xmamMbJctnmTJpgFDBQ0cgZ+4+VQC/pRjaX+noexIrUaP2O04B3tca4fiJMKOY2qB+TTmav8ASPY+x747kLgrjLYI7nMyft6VtwaRPJGV0i2C3gQBokY4kH+pohovZq9dIdUDIMyF2qOMSTmNvM5PlW/0HszprMFdOobETDEHJMFpjmivU9OzW2tWnKBwAWjxLwcAY7RTjpEvZ51d9lb5adveRJXGT2U+v0qE+ydxZyCeeTAg5xHqPvXo9rRqggZPcnk/OoNZZgBgJ2sCR3CwVJX5AnHzq7QqPOLvR/2aNQlwE+Ai3E5w4MjnCxVteje8ckYA3szYAHiZAODOEbtV72n0RuPa06QDd3shkg7SjTjERLD6CeYqT2cMgAyXKpO6QSd95lH1mT5BT86n/ofgq2vZy0oA95dHoswPTA58/Wa7WsGgTuAx7kgEk9zxSqhUZXotspaa405ZuDyS5wFGTziTH2oxptOSd74YggLCFUzmDyT2Jn9KG9IUtZRmcYtwkGGB2kFys5nGPL5wDFxgbZZTJAlSSY3dj5xnnvmnQrO6BBkhvia4RAWfiIJ9e2flT2tqAWdQQsCT4jnnn649KZYsAKFBIhQu4krjEmfzkUH9oepBPw+QT8W7IY42qABK8ck5PHmnoOwpuElyng2jbhZLSZAE8xFW/wBmB8/v/vWZ1PVG8aqhUqBhiAOJy3AmtJpCQoDNnbMzimBxtCtRr0xAZgfUEj9ati6vG4ScRIye351d1+mNtZkExn0PlFDbQaBTaIERCfaPzmh2o6PsdWfaPP4wdhMFZUTkTjjNWr/UbiiVWTIkAquO5k03/nC6i6LZ3B9pLboIhRkKykqeZAnz4pNj0YjrnUmfUpYts62BNsKiqH2tG7CLPkRiYmt119Pc27Fq1bJWyoXauWPAkSfFH9ael/TLat3toZldm3bZMr4QVMTxI+9Bf/moa3bvi2wubnhSMlAxCuZgAGoUd2U3ou9E6rYtLe1Fy0ykoEDFMsoLSgaCAJ8z9MVOntRbOhW6VFy6i7GRz41kHJwJkqhnvz2wf07JdS28Ai+EZhg/EJEDjE4rDe1ugRLwKAKbm9SiDL7VIBKzjxbSW8ucCKzcWnZcWqoC3NbaZ4OGgMSpXbAOSeAQCRnmPWpOtdWWTcusVuOdxU22UHcZ8JBIIz51oPZnpNs2vx9NZ94p27h4tw2jMkYwSI45one9n9I5ltNZY+qKf5UfTK7H9kaMnb6Te2W7qorK4LDOYEGcj1r0h+qpdsBmKquN3eBBK+uR9ZWappbUBVEBVEKBwB5Dy4qC/aH09AJGPLuKqOOSeyXKNA/R3gLd6GY27kgSANrAyADEyZj/AKhmaEae+bcXcLuYzwWyI27vmJrnWhKm2boVEl0CiNxxEAcQZx5jtFOs9PKWg965uJXftiNpPmHA8QJGOxPeK0T2Swl0PrzvfZQc7gCC2TADA+nl/wBVE7/ULVv33vBsfZlS37uAdxGOZGJjM1lOi9StWb9u9t224Blp3KDl58hE/nV7/iB1Szc09m7ZKr71ZKwAxUMxz/CZJyf8x86mTGgSntF4yunZbANyRFuSdoIQnYviLH5duZw3qnX31VvffG28gY22AZRC5Yw2Q0qO3EDHfKOqgOxaWMQoJhB5k+oIA5IzMVcsa6xZsm6HD6jeQwyCybkYNmdy4ycTJE1jybGET7SMN7K/vAQ5DRgcEcT3xGfWK2H/AA665Yv3WdiyuqARnIxPhmMzzyIHY58z6lcS8F90pW2zKpB8KFwGMEzjDCZ7Ue9n9K4uH3Ci3CBpJZt6tAYKcRBXtOR8q2Um9eCNHsl/XWicfpTE6koPwzWa6ZrCba+8Gx+COY8vyjFWP2tfP9K0UCeQafqI7LVR9cWxO084/lPIqgdUvmPuKTXQR/vRwDkD9S3u9TYO6QRehSBhmCeEEYWYEfXzxW9llYvqLhJ+PaJwYEkY/wBLAcxT+oqDfsgyBsveKRz4IPzEk8VT9kdSWW6ZibhOTJ+C32GCOe/cUq2O9GoNw12qquYyQT6Y/KTSq6J5AxOiBVgjcRhTwBny/v61T/5Xd37to2jhZ5J5Y+f9mtbctbh61Glk8GkpCozlmxd3iVuDzbH5QSeKsXdM4bwNuHqWU/8AjitCtocmplIB4ocw4gvpujBM3IAAkjncYOJIBIH0qvasE3WDPCqBtMZMzP6D70fuICJxP981Axk7eJHI4NTZVEKahLS4PjMwTBYevkDxHypmj1xuYuNO0gzHIyc/anf8mVjkk/WKnsdJW3O3E85J4+c09BsF9d0guKxtpiSIIww88/aKwnWPZnXBkfTlwWJDkXQGGInBAAIxjEEcZr1H9nPnUP7OS0VLSYzPdD0bW9Pp01Pia3O5EaVYeLaHLL4j4txIIyB9aHWdFf1d1ra25tjFthba3tVgJBYkAQQfLtz32o0bjt9aeNM3mflTpBZnemdI1dtEU37YS2AU8MsHBYiTA8OYxP1Agx9V0QuQXIe6rMQYI8JOI4BMec8nmtDetH1qLbPY0KK7DkzIaZmtgKJJHeDVpHun91vtWkudOUjIH5frVV9KnED7VspkcShatMcmRPqo7/L5/en/ALI7MEVuTE488YOYq2ujXmDH+pv60U6bespIRQG4JIE/Spcn4GkUE6TbDAuk7ckk+JyOCfQTx6CgftHadzFoFgWg5UbVMzhiJH5/atbrLG4bl5oZodN4m94uAMEicz/7qFvZVmN6v7L7re22ztdCRHCxiWwJnJJPHpWUOmub1tNbddt0qwVDHxPJMASMnPlNe7aa7aQbdgA5kHBnEHv5VS1HVbasSpYz+Q9CflU8b8D5HjvtBom2oq6dlKjxNtILFsgR5QOSTxOJIId+nskFlJkFl3Aw7DhB55mvZuoMLoO1CJBBMzMjOT3NVdJ7RraVrOoU2kAhLvILM2FESQBnNZvDWxqR5z0spdsMrjKsp3CcAqCJPYx6/pWh6d034ntSY2sIYncGJF3HHYE+sfWprOspqNw2spVhBLYuKP3SIMA5MjMKPUVHpusA3hdsocrta2ABJZgp3RiTKmR3tx61ryomg5oL7Xb/ALpYK+795JDDG7bA53cr/wDqjZ6ZGCc+hBH3iqnT9JctBjnZ+6WHwryVAXtPnTL3UHOAxP0A/Stotsh0ER0rMbjOPKnjpqgA+fr38oFC7YvtEb4+Zipv2a+e5+5/OnX9i/wpdctgXbW0mAt4MZ4LqqrHkZ/nUvst090W8WRwDdcrMiVxBHmMc0e6P0tFU3LwBafCpggRBDRmTP2q3df3kxxBrN9lFIR50qHuGBiDXaoVGhA7k8U6a4TNJKwLHG3NOjFOWnxNAECnEGu7KkVKbc5FMB9sf+6me5iDnjPfFRpScUhkijE08DvTFNd3UASMaYzU1ua63FADhntXHQelcRqftmgBi6YEZpv7Eo+fapprhosCmdAe0VXbo5ndRrTNAg5OY9BTXvA8U+TCgcGZBtiaa0xLURVfOmX7MwaLAEF6Rs9yPvROzbUGSJq3rdOCcAf7U+QqAHuwKbtXuPyowNMB2ptzSLzFPkFAb9ltfwLP+kf0rtvToJhFE8woH8s0UOlHlTWsqPnStBRSO3g5/SuSvp9qICyPKmnSr5U7QUD2dflUIcDvRX9lXypjaNPKnaFQLuyRg07RAqefpV/9hWmfsQ9adioTXB6Uqb+wjzNKlSKJ0popUqzAmtVKtKlQB1+BTH/v8qVKgBycV2lSoGcFdt0qVADjXbnFKlQArVSrSpUAIUu9KlQB09/lUNilSoAmWu6jhaVKgCJORVjRnx/35GlSoYDLvNNb+/zpUqAEvBqle5pUqaAnt9qTV2lSA4KZcpUqYHe1R0qVMR0VylSoA//Z',NULL,NULL),(8,'Canape','Canapé 3places en cuir','2020-01-01 00:00:00',NULL,3,1,1,3,'data:image/jpeg;base64,/9j/4AAQSkZJRgABAQAAAQABAAD/2wCEAAkGBxISEhUTExMVFhUXFRcXFxYYGBgXFxcWFhgXFxUYFxUYHSggGBolHRUVITEhJSkrLi4uFx8zODMtNygtLisBCgoKDg0OFxAQFy0dHR0tKy0tLSstLSstLSstLSstLS0tLS0tLSstLS0rLSstLS0tLS0tLS0tLS0tLSstLS0vN//AABEIAMIBAwMBIgACEQEDEQH/xAAcAAABBQEBAQAAAAAAAAAAAAADAAECBAUGBwj/xABLEAABAwICBgYECQcNAAMAAAABAAIRAyEEMQUSQVFhcQYiMoGRsROhwdEUI0JSYnKy4fAHJDNjgpLCJTQ1Q1Nkc3STorPS8RVEo//EABgBAQEBAQEAAAAAAAAAAAAAAAABAgME/8QAIhEBAQEAAgICAgMBAAAAAAAAAAERAhIhMQMyQXFhgcEE/9oADAMBAAIRAxEAPwDuKB6p5fxNSlS1m9bVBA1ciZ+UEOVxaiYKk1DlEYlagVekHAg3B2IlLG1g0NFQhoEAQ2IFgMkxQqXt9qhkamCxD3E6zptuHsC2MKeueXuWFhTfuK28KfjHcvcu3D058va+1UdNn4o82+autWfpx3xfePNTn9a1x+0ebvd/KFblT+w1bOPPxLuR8lhl38o1+TPsNWzjz8S7kfJcuHqN/J9mT+Sh8UGn+8O+yxepGqHNMLyn8ltSMLrbsQ77NNd87SLiLHnYLfwz3+2fm5ZZ+mlS7QV2ViYHGS7rG+y26Sclp064OS7WOXGrAVVxUxXvAuRmBHtUKYDjmopUHXcPorzzpP8AzOl/juHjTHuXo7aQbJk5bl5x0k/mdP8AzB/4yuXyOnx+21o+tGDo8WQo6WrF2DrTspuv3IWhNKYZuGpsqVaYIbdpIkXOxLTGlcMcNVYyrTk03AAHMxYLWzqnW99V+jBnRVThXH26JQ+lP9F1uR+0ETon/RlYfr/bRQ+k39F1/qu8ws8P8Xn9v7dH0Ed+Z4f/AAR5ro5XM9AjOCw3+CPMrooV4ejn7O9V2qw7JVm9y3GFgnL8bEz8vFLd+NhTVDbuKClTpazyFpAQ2OCz8GfjHd60Dl3K1ICXJILzdJByrcjy/iCgCixZ3IfaaghcHSJjNGQGuhT9MdyLDlQp5qjpDTtGi4teSHQLQ688YhXNF4qhiJ9FVDnBusW6jxqiQLuIjMxmp/BsX6ButfBH4x31fcsxuHiOs3xjxWhhSWPJN7RbPZv5LtwlkuuXKy2Y1mrE0o/qnu81oPxHzc9xMeUrO0vAbH1U5/WtcftHnc/yjX/Y+w1bePPxDuR8lgD+kK/7H2Grdx/6B3I+S5cPUdPk+1YX5M6n5k7/ADD/ALFNdhg3lxj8QuK/Jj/MX/5h/wBmmuv0fX1XHbK7fB65ftx/6Ptx/TTYyHtF7h/ktKkNXLgsVmKBqNMRAef9v3FW8Jii/WnKRHfK62VyljYpulHo59yqUCrOHPW7liukHdt5bl5tpMtfRZScH2qeklon5OrHrPgvSXD8QvP2iy483TjcYJ0ZS/XfuhI6LofrvBvuW9qpaq546d6joavTpYerhwKg1nB7S4ZmWSJAtZkpukg/kuv9R6lCbpN/ReI+o9dOHtzvttdAP5jhv8H+IrpJC5foI4/AMNH9kPtFdM1hK18fo5+0i4RmEMU+I8E/oT+OQUTSdB5nwgwMj+PBbYEKapl3JNpm8nbblbgkaZPER+LqKq4Om4PJItBurznW7lFoO6E3pOHldVJ4VX5pIzqoHyfL3p0HKfJdyH2moAR9juQ+01RNc6sarTAtkJ4TFua4NoNbJhFexoyJJ37PBZ+MxTNQSdUPdq3zESXtPGGlvMo2NqUtV7X1msIaC64LmtJMEiRAOqfAoWsLpJVpueBnqtudmc3MbBPitj8nlbDhlSnrAGpqEGQNYXgNJzznvXI0sfTqk+hkuk9p2qHRrNkahMgtu1pGZGWYG3FAPBn5Q2EkT1ersaZI4Ad8Zni64/nXq+k9GhjdcONtm25O3vSwTnVHuENGqM+uLTwdwV7R0VsPT19rRnY2kX8FYoYOmwktEE53J816u3hevlyul+k1HDVjTfd7bODZOYBb2jbf3rOxXTGlUEajhltGxcJpbGemxNarMh9V5B+jMM/2gIQlcrbfDrJnl0AdTOIfX9J246urlDQM5vluWjW0hTdTLNbOb81x8lIuKkmLbrd6KtZg8O6i6oHk1C/WaIEENEQT9FabdK0mgkvAyubcFxb3lZ2IqF1Sm36UnuBPsW+F67n5Y58ZzzXqtHG4aznVolpsA4kawgzIzV3B6bwjARruM7SN2QXl/pCE3pzvVvyWsz4+Meus6RYSD1o3dU5/+p8D0ioCo4uqDVIt1eWzPevIhiSn+FHep2a6vbx0gwp/rW+BHsXJMqN+cPFeeHGu3qDtJPGRKzZqvSZG8JivJxpSq+swa7oEuidwtPiFst0nUHyip1XXfSN6bpCNbRldjbuLHw0XcbWgC5XDM0u8bSijTj96smI9L/J71cFh2us4UiCDZw6xzBuF09Mi99u/gvDTp1yQ08/erxmLyu3Xukfj8BIH2LwwdIqoycfFEb0vrtyqvHJx96rL2+bkcEKs7VAjf7J3ryTRHT/FOqtph2tPzxrCNsnMDivTMJj216TXwAdctItEhpy4XCosvxJEW2j5w8mu9iTcRPyW57+c2IG71lUtIODdXLP6PD9YzzKfDONs4kfP3PzPpHDdw9UXGd8pVKgnNuQ2M3JKtWqumwdkNj9w3BMi6xMNi3VA4uDR1R2RA7TfeiMVTRuTvq/xNVvXa3tOA5kDzXBuPNenvSavSr1G02UtVjg0EhxdJpFrznEwS2eA3Ls9N4Zh0e91NoANNtXeT2XuJJuTqzclea9JMHWrVKrm0qjtavUcCGnsy7VPKIXp3Rmq04GhTrENcKDab2usRqt1CCOQVxbJjinUwGsLYIEA7LDaXbfk9XhxMVWQ+oDJtctBmReRcTMCbbRuVijoyqBqBhOq4smXEFoJAeGxB3zt7r2tC6GqemAcxzWlzeu5hbDQbh0A7jlkHKY8uXXsWgaLmUaLXEkik0m20327bomn8X6HDV6mWrSeRlmGmPXCq6M0rr65qhrSHFo1dYhzREOG2DJ8FgflI0xT+BOpMdLqj2tjVcOrra5MkfRjvXV3jy7BiArgVfDtgK2xZaRPemsjAKLwqiliHLMwhmsT81p9ZHuKv4xypaIEl7t7o7h/6UGrAKg5inAUSxAMtUSEQt4nxQ3hUDeVUrPR6ipYghBDRYmq525seJv5Ba7lmaEZ1S7e4+q3sK1C1QCKjKm6UMlAi5RL0zihuKCRehPemcUGo9Bt9FKIL3PInVAjPMzu5DxXs3RcRg6bvnPe7b9IbPqrx3oo6GOO858oHsXtejKephcM36AOzMsLjt4rUZD0pUPUgE3Pz+G5jvWg4QDXBm87Q3OH76TTtO7zkfSGrBpDqkkvidSc25azh5rbwei2BrT1gYBPWdExu1srm3LcFqXIzZtYlZwn5OTfmbhwSXQHR7N3rd706mrjzvBVCKFd4zbh6jhzbBHrAXK6DY2pXpNdJ1qrGuubhzgDddRhx+a4r/K1fILkOjr4xNA/rqU/vtXN0Y2K6S4pzifT1gJMNbUexoE2DWMIAA4BVXabxJ/+xX/1qv8A2VLFWe4bnEeBQS9UaJ0xiI/T1v8AVqf9lXdpKsf62r/qP96qekmwudwujU8DXd2aVQ/skeaIFVrOObnHmSfMqWiqmrVJO0QT3q0zo9jHZUT3uYP4kVnRTGgSaY/fb71RuUnhHa9YuHwWLZZ1Mxwc0+1WdeoM2OHd7lBrNco1CsoY7fZGGMB2qivpB1ih6FZFMcST4lC0jW6p5I+AfDG8GjyUGmEiFX+EBI1wqDOQKpTGshVKiANVyoYt9irdQrNx7uqUGrogfFt5T43V8qrgmw0DcAPBHc9BF5QiVJz0F7kDOKE4o2HwtWqSKVOpUIz1GOdHPVFlOpoXFCxoVAeX4hBSc5AqFaQ0Fij/AFcfWc0e1O3o1XJ6zqbR9Yk+ACg2NC0/iWgZuNuZyXtj6QptOu/qgw2RZggM1bZ/evJ9CYanTNI1H2pua6AO1qkGM5GW5ehYjT7qjYZQqOHBj/OIV1MaRq4aoAZY8gnmCTsGY+5N/wDKNaIAcQCAA3d1dXM/TZ+8Fg4TGmmTr0wwF2sdaozW/cbLvUFrYJza7dam4PDSGmNYEEahIc0tkGJzF53OKoO3T1h8W/LhtySUf/i37xkNp96SvhPLlm6PrU8LifSUy0fBqovHzZ2HguA0JUArUibD0tMk7hriV7Lplpdhq4nOjUH+wrw7DOkBYzGoo1tDufVqOLg1pe4iLkjWMHcFdw+iKDc26x+kZ9WXqWix43BT1m/N9f3KL4KgWNENAA4ADyVhuICANQ7CPBP6Fmx3qUxV+li42q23EEhYbqMZOHihHHvYQ1sEkxy3lVG3VI2wq7oOQJ/HFUi94vBPHNROJfxTTBq2j9fOB61VPRth+U4fVgeqCiDHEKY0kmmA1OjlIiDrn9r3BONBUwABrQBHaKst0kNqsMxbSqjKdoJmxzx3j3KvU0CdlQ94n3LpGEFV8Vi2M57lRzNXRNZuTmnxHvVOr6Rvab4XXU6tSpk3VH0s/DNJuhmntuJ5WHvQcgcSDzWfjauQ3kDxXobdB4fbTafrDW81YGj6Yya0cgAg4w45rREqPw4b12rsE3cFXq6KpHNjT3BByJxYUqB9I9jAbve1g5uIaPNb9bQWH+Z4SPJD0VoKkMVhyNYRXpHOcqjTt5IDaU0zVp1H0qDyyhTcWMp21QGHV1iIu4wXEm5JKA3pTWb2tUjiPcVm6RqzVqcXvPi4rOxbuqeRUV6iyhRgGs95qQ0upsLWhhc1rw0vIcSYcMhCTcVhWEatFk73l9T+Jrf9q57S1T88xI2a7P8AipqJNlWXUHT+qPi4b9RrafrYAfWs7Eaac6xGt9cl32iVl06ghRJV0XG46pqi+zYun6BaQpUmVfS4ltEuqAtDnNbrQ0TAcbxI8VxrHWCxel7upR4ureVFS1eM2vfRpKkcsXSj6zEl8vADcEyztdOkfRjMW9/VLrO6pEDbZeMUQRbdZep0sUAQQZIINuB4LzXSdH0eIrM+bVqDuDjHqhVzit8IUm4hRrsa6AWyTusfEXVZ2Epg3NVnef4gVFXm4hEbiOKz24Rvya5/aaD5EJzhKvyXU3d5afAg+aDTZiYQS6arXT2ZPs9qomnXGdJx4tLXeRlC+Glp6zXNzHWaR5jgg33Yof8AlvJL4XxWEzHtOTge9E+EcUMa/wAIG4KJqtPyR4/csz4QnFZDF46p2H1ILjG0+BVb0yXp1QWtpJ9MS03yG6SrYrPF9vztp71j1jrPZ9YHwv7FbqYjcgvDHvCkNKELPFcjak2tvAKDVZpZHp6VCwTVG5MSEHTM0gCjNxIK5PXOwpxiHDag6suBQcBUAxNAfrqf2wsKnpEjNFwGkQ7F4W8fnFGf9RqajKxn6R/1neZVSu2QQrVcy4nifNBIuOY81FdTpb+e4rhVj91rW+xDe5NpV4GOxc/27/NCfVC0yIx/mpl6qMfnzUw5FGZUsFfGg6eKotL5s58QYzDJ+yslp6o5BeidDNEGpg2PEXc/PgY3cEhuOEPQmlvPikvUToB+4eISVw7VyuCqeRXM9LacYou2VGMqd5Gq7/cxy3cI7yPksvpfScabarRPomv19/o+2CN8HX/eWSOeqG4VlmJcNqyMLpSnUIAcJ3Gx9avioEVa1mHtU2HjEHxCf4LROWs3k4/xSqoqBEa9AUYQ/JrfvN9oPsRA3EDItcODvY4BA1k4qFA1dzj+kw882B3rEqk6lhSewWn6LnN9UrSbinDandip7QDhxAKDLOjqZ7NZ7eeq4eUobtG1h2atN3OWn2rQfSouzpgfVJb5FQ+CU/k1Ht5wR6xKIzKlHENzpE/VIPuVc4wt7THt5tPmFsHC1B2ajXc5afamc+uLFpPIh33oMY6RYXN6wsfYQrTcUDkQUarXYf0lIftNIQBhMK64Zq8WmEUQVlIVFXOi2fIqvHO/mmOjqo7NRjuYg+IQ1aD04cqTqVdubJ+qQfOEM4sjtNcObT5oNEuSDlRp4xpyIRBXCgsPem0NfGYYf3ike4PaT5Ku56noirqVXVtlFj3/ALbmllJvMvc3wO5BGjV1hO8nwkwrGEE1aY31GDxcAqmDZDAOC0tAs1sXhm78RR/5GygvaWfrYzFO/vFX1PcPYhyhOfrVazvnVqp8XuPtU5VQRimSgh1lGpU2dyA1R8Be1dCKero/Dje0u/ec4+0LwuqSSAMyYHNfQ2jsN6KhRp7WU2NPMNAKsSikJ04SW0eUsw7m3zsee7JCrOgEOBiCCCNm32rpNYDZFuZz/FkCo4RBGZBIPLadpjYuOtY8LxHR8gn0b+rsDrHhJG3uVjQ2Beyo30ryWbQHGBY5iL3jKF6+/QmGq3dTaCSZIkEk3cbZn3rOxHRbC6oILwSdhnOIaJB991vtEyuHxNWi3sl55D/tCoO0tqnsPibG0xxC7Sp0OcRLXg7YIvEwOZu2TxWVX6N1Q1zw0OaM3N9gMT9yTDyx6WmqZ2xzBHrVuljmuycDyKrVtG72nvbwnyuqVXRDTkI5K9Ts2xXCf0gXPHA1G9mo4c7+aQr4hvzXeoqdV7OgLkxKwxpZw7VNw5XRmaZpnbHMEKZV2NTXTekKqMxrXZEHkVMVQgtDFOG1Qe9ru0xp4wJ8UIOSKB/g9I7HN5OPkZUXYb5tQ/tCfKEkpQMadQZFruRjzUXVqozYe7reSnKbXKCu+sw9tg7xHmhupUjkCORPkr3pzvQnEHNrT3BBTxNKGEhxsOCIKLyxrC4agOtqgAS6I1nQOs6LSZjYnxjW6jrRY7SjSgaFq9Dx+fYc7Guc/wD02Of/AArKlafR86gxNf8AssLUAP6ytFFn23eCCno6p1ATmb+KO+qqmGENCIXIg7XJ5vy/HvQ2lCr4prBJN842lB0vQPRnwnH0gRLaZ9I/dDLgd5gL3OqVwv5I9GCngRiiCKmIJN9lNrnNZHAxrd4Xa6y3IlTISTAngkqjhqzszB+aXGx7vHgmw5EAQ50z1nCAD2du20dxVgugZAxE7pictyI6uImD4HbOUxH/AKuLap8HncYt3EXk8Z9qc02gNvAB6oHCL2z3Z7FaeBaZ23mOOaqmkGuEwGgW29q1xEXEoIPrNB1esSQQTstnc2G1OSCIm9jEi14BIjvR3teZNjNwcjBgmZ/F1GpTuJdYiZEWy898bM0Far6MFoMOIcTEDq5id+RErPxfR3D1Mmw4R2eoN0HjtW06kACQdm3Mxs45n8EoVR0BtrxFsxvI2+AKDksT0UYAYquzABLRHEWzNxuiDmqGL6KvBAa5rp1rnqgAZbySd0LtA0EEOBDSZMkEkjK2cS7hkoMeCZABMSJGUzFgNufKe+9qmPNq2haoEmm6+UCTG+Bl3rMq4Fp2BevuYLEtBLnZxfZabm+9VcTo2nUBDwHGRkBMSYvEgSe7xV7mPHquiW5geCCcHUb2XnvXreL0JScCNVolwNpsTOttz60zwG5Y2J6IQyW1JdmdaA0CBmdsmeXHNXtEx576au3c5EbpVw7TD3XXVY7o1Uaeq3Xb1bjOTw5+ohZmO0S+mYe0jKDm0zcQcjkbK+KeWdT0uw5mOYVmnjGnIgqtUwDTsCq1NFjZITDWuKoTysP4NUb2XlIYis3OCp1XW2ksdulSO0w9yO3SrDtjmCplNWsSeqeRRyqXwhrgYcMt6smqEVJxWlWPo8C1vysTXLjxpYcao/8A0e791ZcEkBokkgAbybAeK0uk7gMR6JplmGpsoNOwlgmo7mXueiKosEm3MC5JgDaSdgVYV5s2/HZ96Nh6Rmcz+MlZE1X0xVr0nuotpkPadVxsQDtAIMEhUNG6HrPcXVJaDGsSQXRtjjzsujpUBMm/43q02nK14iPdNFejGFw7aNqQo0wwbdUMGqDxhWKJXIdAtKa9AUCOtSFr5tJJ9Ux4LqWO5/jkqLN0kNr7ZpkHLYYCDkZztE7D3XTVcw4DW61+Vx+OarfCgLAtmSDZrnEbobnEx3ImuLGZAuTYAnZccdi4NpOq1JuIBMEZ9XeCLTkQOPNKm94sYgiJmCDJERF8pmUOi1r4BAcAc8+tyESItuvtRab2ixdLy3s/dnGcc0CI2EyHA9WLzEWHrnPJTjWETA2R4X8U1KnYwQJyI4xNtu25UXUGkNDuznGWz1BURbTAuBlGz1d1jKTcrnV4kQSTZtxtuE7zHWyDcwNs5CQLkAZAzYJ6lRhkOgTOrM+pQQkBsEtJtG62c35eCE5+sJaZ1TfV3nzi9pRBRmbbJbGxs8NhM8UniwuAZHriwPfyQAqVQJk7OZJyt80c9474sYSJtFjabzERb1bUSvsLGs+d1s5nhs9yK2o0gyRYAZX4347uIRVSvh3OZ87MQIy4RGwg5JqWFPMkAwBtaeJ38VZLy6dUQJvFiLbcxE3sdqgaJBhoOZnWds2kDM3GxAGrA2azuA3aogWvEDwQ9VtgRsuDkJER7yUejSDXO7NjcAzymb61xcqq7EgOiWxNhqmSdl9kb+J4BBUxOiaD5BYIAOqGiANYZ7BPjksnG9GmEN1CGyBxm5LtvWMRAG7NdNXpmwHVts2SBYOuDuQH4doLmtkmCS4lxIi1jM7YtlPcm1McdW6LVh8yOJi82b9bM7rZrLxOh6jLupmJiRtzyGexeg1KJcS6HWG0gNBEw4RcTJ22RixpEA5i2XyTmNk3EHitdqY8pfgwq9TRwOwL1NmiKTwSabbkyT2i6wcScydYnbmFWOgGOfDqYDQTqMBIsZPWdOdoi+V4EAXumPKqmjOCp4hjqcQSPEL1d/RmkQ4atRpHyhcXuBEwcxlugXkqjpPom0SWO1m2gObrTsMuFhebQr2iY890bpurRqMqDVcWODgHCRLTIy4gKzSqPqvAJJk6zuM3JPNdVi+gtMAk5CAS0xcnIDvGzerLNEso9RrdXfkSe9a8IyaOFjO3BXKdNXG4QIzMIFBVp0lYY1FFBTFFFaPRbF+ixLDsJ1XcnW9x7l6fK8lo04IXqGHq6zGu3tafEAlWJVkkpIOskqjA9C1nYZGt2hkOBdbcAOSerU7Ic0ZgcAQJNuF0VjLXE3ETJi9zJ7soyUThwZMmYknNp4R3lcXQwuRY6o4w215gZ5fi6alSABja45xFuWySd5lEp1ARa+sYtBiI352umILiANbVkjaDN4y5BAH0LIMzBDgRJkxmbX70m1GBo1WjMWsTfYT8qwO0pnAjYIsJmWg2Fpi2XinqucRqtOqLXFyAb2BneBGfqUEapL3wQLSN4njO28x6yoNptBtqzN4GRAgkmbFTqvDQA7WGqAdY6pI1nasOO++Ynbeym2o1gkCTtg60DIXNsxlPkgg2o4gC7bkTBGdrtIt38E7mZtLRA7hsgTlPZuovrul2rN2kmIAtAuSdg/FkCrJADxMHWjsidY9ZxtIAAlud0VBzCSZBDYMlrrSSBcm/MnfwSpsLeoxsmQY3Nm2ZteOU7VMuaGuiC76RA3GJ3j3Ky2seqXWj5MgiZF3E57Nv3QIHqEvgz1YBkHK8i3G25Co4gFpIBgbpIOZ6oHa9fqRsS4kAEAtuZnsxlugZWG8cYE0Ey4Aggzcx4D1ZwVQ1Bwdf5MazbnWJMw43FjP/AImFR5bMtaRnMEbgZBNpB2+9NQpgE9qHEwSGgMBIhu49rOUWmxgLjYXERBtFhwgk5ZygrOwsm7yR8mC5tjZ152mbzPJRDGtAada99YkHLKfERzV1gAiSOzlGy0+wfgKHprw0Ok3ktgd5PDy7kAjhGwNZrRAOwGRsBJ/FyoikymAAx0uIEZ3MRbYMvuTlpkOc4SHZNi5MasEjgBwTPaREHIyL62tOcA8+VkESHAEQZ2DPdNhFpJ5ynaX6vHbMARe0E58Z+Si06hMgtDRME8TaOUcc4UxSIntNvAkg9+qM8ggA/DSQJBF5B2ExGR3bfegsw7STlw1jltM3jODZGq1ybQ4GcjeN8kAiD38lXdbPrSDbPLIjKTMbskQ3weNZoOecXvOtOoNpgiZVXGaOphoNRzhqwNYnOcpsdvAJYjSgY3VAJh+qYlxYYsQAMoBvvVHFYh9RrmuJiRBkh1r5A2+7irChYmiGE6pDmiMiJE7wPPioAKfoxnHfmfHdwUw1bjIYanDUSFINVQzGrvdEPmhT+qB4WXENC6/QjviG9/mVYlaUpIOskqMqnlT5H7IT0j1W/WHmkkuDoVf9J3D+L3KxirFkWz9iSSoA79HO2M9ttSPM+KC5xBbB/s/WXSkkpRYB6zeNVs8f0iJhxOqDcazxBvaDZJJUAxfbbxJnjZYmlj8dSGwvuNhljSZG3NJJSrGlhWgvIIEejiNkQdneVJ1BoqVIa0dcGwAvGfNOkiVfoZHkD3k38z4qninkUnGTOtntz+4JJIqPomkOkAwwuEgWdJuNx4oZHXd9XyiPBOkguUWgsZInrbe8eSi9omkIsTfjY5pJKoBgmDUmBI1otllkqmCYC1xIBOob7ct6SSirOFuGTsc8DlL/AHDwVTHVCGuIJBh15vnvSST8B6h+KedoLYO28TdY+lqrg1wDjEG0n5hPsCSSgzNGVC5gLiSdXMmTuzPIeAV94uOQSSXWMU5STJKokFMJJIJBdVoH9A3mfNJJWJV8JJJKj//Z',NULL,NULL),(9,'tracteur','MaceyFergussen 500','2020-01-01 00:00:00',NULL,2,1,1,1,'https://encrypted-tbn0.gstatic.com/images?q=tbn%3AANd9GcQf_x13iyRhicZusXRgQxcMF9AhnugBVy4mFYMH-uhZ97vE5l0Q&usqp=CAU',NULL,NULL),(10,'Tablette','Tablette Ipad 15p','2020-01-01 00:00:00',NULL,4,1,1,5,'https://encrypted-tbn0.gstatic.com/images?q=tbn%3AANd9GcTupbWSEipLhNRPWezmoWZ1FFHRLM4Wu7SeOgNEHgwPKO_boxoDpo5DKTdTCHtzWe87915BRuU&usqp=CAc',NULL,NULL),(11,'Pelle','pelle manche bois',NULL,'neuf',1,2,1,2,NULL,NULL,NULL);
/*!40000 ALTER TABLE `product` ENABLE KEYS */;
UNLOCK TABLES;

--
-- Table structure for table `product_type`
--

DROP TABLE IF EXISTS `product_type`;
/*!40101 SET @saved_cs_client     = @@character_set_client */;
/*!40101 SET character_set_client = utf8 */;
CREATE TABLE `product_type` (
  `id` int(11) NOT NULL,
  `name` varchar(45) NOT NULL,
  PRIMARY KEY (`id`)
) ENGINE=InnoDB DEFAULT CHARSET=utf8;
/*!40101 SET character_set_client = @saved_cs_client */;

--
-- Dumping data for table `product_type`
--

LOCK TABLES `product_type` WRITE;
/*!40000 ALTER TABLE `product_type` DISABLE KEYS */;
INSERT INTO `product_type` VALUES (1,'bien'),(2,'service');
/*!40000 ALTER TABLE `product_type` ENABLE KEYS */;
UNLOCK TABLES;

--
-- Table structure for table `user`
--

DROP TABLE IF EXISTS `user`;
/*!40101 SET @saved_cs_client     = @@character_set_client */;
/*!40101 SET character_set_client = utf8 */;
CREATE TABLE `user` (
  `id` int(11) NOT NULL AUTO_INCREMENT,
  `firstname` varchar(45) NULL,
  `lastname` varchar(45) NULL,
  `email` varchar(100) NOT NULL,
  `phone` varchar(15) NULL,
  `nickname` varchar(45) NOT NULL,
  `password` varchar(100) NOT NULL,
  `zip_code` varchar(10)  NULL,
  PRIMARY KEY (`id`)
) ENGINE=InnoDB AUTO_INCREMENT=5 DEFAULT CHARSET=utf8;
/*!40101 SET character_set_client = @saved_cs_client */;

--
-- Dumping data for table `user`
--

LOCK TABLES `user` WRITE;
/*!40000 ALTER TABLE `user` DISABLE KEYS */;
INSERT INTO `user` VALUES (1,'Nico','Gaget','n@gmail.com','','Ptite bière','1234','69500'),(2,'brice','','','','Pakorek',NOT NULL,NULL),(3,'Justine','','','','Justucru','',''),(4,'Raphael','','','','Raph',NOT NULL,NULL);
/*!40000 ALTER TABLE `user` ENABLE KEYS */;
UNLOCK TABLES;
/*!40103 SET TIME_ZONE=@OLD_TIME_ZONE */;

/*!40101 SET SQL_MODE=@OLD_SQL_MODE */;
/*!40014 SET FOREIGN_KEY_CHECKS=@OLD_FOREIGN_KEY_CHECKS */;
/*!40014 SET UNIQUE_CHECKS=@OLD_UNIQUE_CHECKS */;
/*!40101 SET CHARACTER_SET_CLIENT=@OLD_CHARACTER_SET_CLIENT */;
/*!40101 SET CHARACTER_SET_RESULTS=@OLD_CHARACTER_SET_RESULTS */;
/*!40101 SET COLLATION_CONNECTION=@OLD_COLLATION_CONNECTION */;
/*!40111 SET SQL_NOTES=@OLD_SQL_NOTES */;

-- Dump completed on 2020-04-28  1:02:40
